,Num,Dnum,ROISZE,ROILZE,ROIszGLN,ROIZSN,ROIZP,ROILGZE,ROIHGZE,ROISZLGE,ROISZHGE,ROILZLGE,ROILZHGE,ROIszGLV,ROIZLV,LLLSZE,LLLLZE,LLLszGLN,LLLZSN,LLLZP,LLLLGZE,LLLHGZE,LLLSZLGE,LLLSZHGE,LLLLZLGE,LLLLZHGE,LLLszGLV,LLLZLV,LLHSZE,LLHLZE,LLHszGLN,LLHZSN,LLHZP,LLHLGZE,LLHHGZE,LLHSZLGE,LLHSZHGE,LLHLZLGE,LLHLZHGE,LLHszGLV,LLHZLV,LHLSZE,LHLLZE,LHLzGLN,LHLZSN,LHLZP,LHLLGZE,LHLHGZE,LHLSZLGE,LHLSZHGE,LHLLZLGE,LHLLZHGE,LHLszGLV,LHLZLV,LHHSZE,LHHLZE,LHHszGLN,LHHZSN,LHHZP,LHHLGZE,LHHHGZE,LHHSZLGE,LHHSZHGE,LHHLZLGE,LHHLZHGE,LHHszGLV,LHHZLV,HLLSZE,HLLLZE,HLLszGLN,HLLZSN,HLLZP,HLLLGZE,HLLHGZE,HLLSZLGE,HLLSZHGE,HLLLZLGE,HLLLZHGE,HLLszGLV,HLLZLV,HLHSZE,HLHLZE,HLHszGLN,HLHZSN,HLHZP,HLHLGZE,HLHHGZE,HLHSZLGE,HLHSZHGE,HLHLZLGE,HLHLZHGE,HLHzGLV,HLHZLV,HHLSZE,HHLLZE,HHLszGLN,HHLZSN,HHLZP,HHLLGZE,HHLHGZE,HHLSZLGE,HHLSZHGE,HHLLZLGE,HHLLZHGE,HHLszGLV,HHLZLV,HHHSZE,HHHLZE,HHHszGLN,HHHZSN,HHHZP,HHHLGZE,HHHHGZE,HHHSZLGE,HHHSZHGE,HHHLZLGE,HHHLZHGE,HHHzGLV,HHHZLV
0,1,1,0.600169,1765.089744,0.077745,0.336949,0.098734,0.032283,104.320513,0.016631,63.153658,29.373373,117730.673077,0.000651,0.002285,0.490191,2286.327586,0.08368,0.235731,0.073418,0.033504,110.577586,0.012345,57.922735,42.001073,145701.534483,0.000634,0.003949,0.569883,1289.432432,0.079211,0.305362,0.11746,0.044641,87.351351,0.028177,51.830684,17.462164,102899.913514,0.000485,0.001417,0.601027,1008.788,0.072896,0.339648,0.158529,0.068747,87.836,0.053933,52.412688,14.003493,77033.744,0.000397,0.000763,0.555002,666.317073,0.078513,0.293448,0.180617,0.037437,90.358885,0.023562,51.419854,9.578012,48618.184669,0.000463,0.000504,0.578893,926.627049,0.084218,0.317287,0.155712,0.04969,81.336066,0.035056,45.368184,13.713417,65924.840164,0.000395,0.000769,0.655042,543.690058,0.080521,0.399388,0.217005,0.046203,82.80117,0.03413,52.256165,8.463119,37300.719298,0.000568,0.000388,0.637708,702.592105,0.084661,0.380648,0.192893,0.047048,84.315789,0.03533,53.386975,9.575253,54445.851974,0.000569,0.00052,0.679466,534.507003,0.087666,0.426955,0.225806,0.03712,89.453782,0.029494,61.717503,7.726119,39138.722689,0.000821,0.000367
1,2,3,0.550886,45185.660498,0.076719,0.285861,0.054659,0.040221,88.87331,0.023593,48.568775,887.014187,2547672.153025,2.5e-05,0.000426,0.468951,93500.179657,0.075186,0.214029,0.029476,0.031906,93.548217,0.015654,43.722735,1643.123909,5891618.726552,2e-05,0.001619,0.536307,26671.926759,0.076014,0.273196,0.095502,0.053303,84.743044,0.032227,45.489771,362.971265,2042939.214812,1.9e-05,0.000126,0.552187,30108.353394,0.079243,0.291607,0.107338,0.057479,82.666055,0.037731,46.052293,403.852694,2300340.851743,1.6e-05,0.000107,0.646511,22147.704494,0.087699,0.387862,0.139992,0.042432,86.6,0.031687,56.852945,314.713911,1613875.595787,2.9e-05,6.9e-05,0.567504,22923.480782,0.078573,0.304635,0.118209,0.049089,85.892313,0.031933,50.090995,316.182393,1728540.24619,2.3e-05,9.1e-05,0.633361,17526.757257,0.086519,0.373218,0.152643,0.044735,85.909838,0.032456,55.100334,249.773848,1282708.070126,3.1e-05,5.6e-05,0.620267,16919.968571,0.084314,0.359892,0.150844,0.04296,88.194286,0.030837,55.581185,243.710656,1227927.82026,3.1e-05,5.5e-05,0.700285,14391.521532,0.085264,0.453351,0.172485,0.045366,86.844742,0.036546,62.020841,204.476501,1060871.113327,4e-05,4.3e-05
2,3,4,0.558661,2653.981013,0.076029,0.294524,0.103947,0.056035,79.977848,0.034589,42.508681,36.590716,208214.015823,0.000197,0.001012,0.514926,3408.153527,0.074086,0.25294,0.079407,0.063146,79.195021,0.032205,41.418712,48.316843,264604.3361,0.000204,0.001811,0.59542,2029.346154,0.077962,0.329152,0.127995,0.052571,84.428205,0.03257,52.452226,27.924803,155209.971795,0.000265,0.00058,0.556549,1549.254587,0.079854,0.293788,0.143752,0.040997,88.720183,0.028741,50.816946,23.142271,109973.708716,0.00025,0.000445,0.635455,1329.425894,0.087933,0.375132,0.19341,0.034028,87.379898,0.022471,56.99491,19.266962,96075.219761,0.0003,0.00026,0.588607,1119.752768,0.083591,0.323797,0.178055,0.044704,83.361624,0.033233,48.891952,15.698899,82749.297048,0.000239,0.000257,0.617795,1099.29376,0.083839,0.358595,0.21541,0.041827,88.436834,0.029588,55.65231,16.067257,78725.490107,0.000296,0.00019,0.58328,1148.809187,0.083189,0.323933,0.185209,0.044011,86.114841,0.031892,50.691986,17.710003,78444.300353,0.000265,0.000249,0.688618,1050.791241,0.086157,0.439608,0.224149,0.037708,88.439416,0.02969,62.052336,15.547958,74541.137226,0.000366,0.000182
3,4,5,0.540121,30158.095082,0.084101,0.280532,0.051174,0.022301,119.908197,0.010671,66.801525,558.815345,1788598.993443,8.6e-05,0.001317,0.47398,48815.742627,0.097658,0.222348,0.03126,0.022376,136.037534,0.011488,66.058316,848.878147,3081165.042895,9.9e-05,0.003539,0.56565,13091.964812,0.076473,0.302036,0.102405,0.058664,83.025368,0.04137,45.755121,176.740474,1003010.832242,4e-05,0.000256,0.566043,17584.50917,0.083354,0.303472,0.096227,0.051046,84.559825,0.032943,48.93713,236.772095,1341040.10655,3.9e-05,0.000305,0.635507,11700.371217,0.09214,0.376801,0.135925,0.043531,85.252625,0.030417,55.280139,166.346718,853447.470661,5.9e-05,0.000164,0.568821,9064.757237,0.079584,0.305217,0.126931,0.045413,88.242763,0.029564,50.958189,128.178236,664640.709868,5.1e-05,0.000153,0.641533,7464.139523,0.088187,0.382196,0.160948,0.044985,87.598548,0.034372,57.300998,106.581053,546619.70695,7.4e-05,0.000104,0.62629,7478.7026,0.085858,0.363951,0.154052,0.040269,84.653846,0.028436,53.115687,104.874544,553986.365114,6e-05,0.000109,0.701682,6587.680149,0.089638,0.455162,0.17934,0.04592,86.306369,0.037195,62.171415,94.201696,483924.040911,9.1e-05,8.6e-05
4,5,6,0.519803,97693.685994,0.082656,0.257143,0.036096,0.068961,63.859187,0.039104,33.139848,1110.488053,9966147.759789,1.2e-05,0.000731,0.459519,158376.375474,0.084805,0.20532,0.021485,0.083527,57.410872,0.046844,24.359376,1620.383056,17969994.438685,9e-06,0.002156,0.551156,40433.525849,0.07653,0.287088,0.089278,0.049682,90.60569,0.032646,49.682628,585.465693,2935512.444173,1.7e-05,0.000111,0.542054,41886.893093,0.084771,0.278821,0.095662,0.042891,88.017197,0.028384,48.390278,598.07342,3068346.119805,1.6e-05,0.000102,0.63785,22730.006688,0.086571,0.377797,0.151077,0.043512,87.730477,0.032573,56.990812,326.38537,1660638.317607,2.4e-05,3.8e-05,0.543531,36515.366982,0.081292,0.281236,0.104248,0.050104,86.189274,0.033731,47.128978,521.168776,2675359.784963,1.5e-05,8.4e-05,0.642309,26083.931188,0.090611,0.383345,0.148053,0.044241,85.58768,0.033126,55.447433,372.487101,1914973.716241,2.3e-05,4.3e-05,0.617845,22086.717664,0.085872,0.355519,0.150015,0.04307,87.105694,0.03092,55.067959,314.497082,1628462.2827,2.3e-05,3.9e-05,0.693659,20354.275053,0.090432,0.445059,0.168665,0.043736,88.576008,0.035507,62.536989,292.039072,1493228.460741,3.3e-05,3.2e-05
5,6,7,0.523271,30130.596413,0.076341,0.262244,0.053286,0.0354,92.004484,0.0199,47.07597,485.460637,2001532.66704,2.9e-05,0.000606,0.476233,58047.216263,0.075179,0.220046,0.034522,0.044631,86.83045,0.021322,41.950956,967.474529,3768584.583045,2.3e-05,0.001802,0.553195,18699.290757,0.078703,0.287912,0.09281,0.050206,88.487805,0.031095,50.043922,260.753554,1397193.006418,3.4e-05,0.00021,0.541693,14314.900848,0.079465,0.278868,0.112362,0.050534,82.335631,0.033123,44.969802,190.140632,1114710.016437,3e-05,0.000144,0.622249,9321.872914,0.085684,0.360075,0.156821,0.040084,87.984446,0.029095,56.262283,135.160234,670505.520865,5e-05,7.2e-05,0.532649,16712.448413,0.081931,0.271892,0.105509,0.043351,86.589002,0.027432,46.755627,231.038297,1249865.589002,3.1e-05,0.000164,0.634914,13001.1,0.089539,0.37593,0.145396,0.043271,87.066667,0.032066,56.50694,185.557529,949669.943621,4.8e-05,9.7e-05,0.603074,10259.144197,0.082234,0.342757,0.152394,0.043113,87.928488,0.029438,54.24436,150.210038,733589.184838,4.5e-05,8e-05,0.692578,10234.744651,0.090095,0.443458,0.170077,0.042032,87.115749,0.033218,61.937289,145.733013,751523.418099,6.2e-05,6.8e-05
6,7,8,0.49342,202064.082492,0.07692,0.234224,0.031893,0.0455,79.252104,0.022427,39.646253,3262.318032,14638550.085438,7e-06,0.000481,0.402822,386255.377916,0.079064,0.163937,0.017255,0.04772,75.655521,0.017905,28.498627,6281.213338,28023703.675739,5e-06,0.001669,0.546096,78257.863933,0.076873,0.283049,0.09116,0.051195,85.862002,0.032679,46.922215,1092.486443,5890897.067439,8e-06,5.2e-05,0.529471,67816.751789,0.079452,0.269073,0.104322,0.047403,86.005074,0.028603,45.933674,961.218825,4994798.137375,7e-06,3.9e-05,0.635259,46420.6926,0.085229,0.374661,0.149888,0.045062,87.732448,0.03368,57.126451,663.224778,3407252.374447,1.2e-05,2e-05,0.521779,56301.835446,0.080567,0.26322,0.112231,0.048668,85.629482,0.02985,44.880424,803.651486,4117772.375226,8e-06,3.2e-05,0.628164,48833.402934,0.086761,0.367287,0.146934,0.041808,88.358,0.030522,56.225672,700.883842,3566508.909854,1.2e-05,2.1e-05,0.587634,44511.131819,0.085532,0.326034,0.143675,0.042246,87.169509,0.028843,52.021164,639.986137,3241302.359842,1.1e-05,2e-05,0.685937,40818.402289,0.08882,0.434896,0.167893,0.043923,87.095495,0.03505,60.696696,584.355542,2993949.100008,1.5e-05,1.6e-05
7,8,9,0.554878,12199.684347,0.077173,0.289005,0.068993,0.043482,78.35705,0.026314,41.174872,174.857425,957470.742561,6.3e-05,0.000623,0.496946,21430.185654,0.076145,0.235005,0.042299,0.044723,78.090717,0.023555,34.58865,317.518325,1630863.175105,4.9e-05,0.001706,0.560157,7088.799083,0.07935,0.295627,0.117315,0.041776,86.849503,0.026561,47.719482,102.523175,523697.646295,6.5e-05,0.000197,0.561857,5420.832461,0.078189,0.297755,0.137237,0.042276,87.145942,0.027873,48.871838,75.943162,406854.395288,6.9e-05,0.00013,0.608109,5407.431843,0.082745,0.346438,0.164987,0.039996,88.28626,0.028614,54.66056,78.146189,394250.342966,7.8e-05,9.9e-05,0.525419,7135.953456,0.082624,0.266879,0.12784,0.04818,82.142454,0.030276,42.635676,98.724723,539607.985896,5e-05,0.00016,0.631349,5562.0228,0.086709,0.371639,0.169864,0.044244,86.716861,0.03305,55.331781,80.087069,406019.957582,8.2e-05,9.6e-05,0.586519,5024.903614,0.084333,0.325901,0.163943,0.041775,85.578313,0.028307,50.598074,71.664716,369706.506024,7.4e-05,9.6e-05,0.7035,5105.24426,0.084535,0.457525,0.184066,0.04678,86.411334,0.038471,61.764424,74.308004,370136.170493,0.000106,8.5e-05
8,9,10,0.548011,38948.740038,0.090001,0.28252,0.056466,0.017786,120.907021,0.010041,66.053191,697.35868,2325947.508539,5e-05,0.000589,0.452503,60478.342262,0.090464,0.203997,0.036063,0.019512,123.830357,0.009118,57.977944,1243.568317,3223864.526786,4.3e-05,0.001533,0.568702,18962.180503,0.075098,0.303512,0.099685,0.063584,79.686127,0.042651,45.953858,252.141978,1489404.885913,2.6e-05,0.000163,0.555303,13229.582294,0.078371,0.293408,0.128642,0.049839,82.111804,0.032363,46.255614,174.69551,1035790.013716,2.8e-05,9.2e-05,0.638268,11705.283122,0.083309,0.37815,0.156253,0.043252,86.890106,0.032066,57.080038,167.495413,854908.026018,4.5e-05,7.1e-05,0.568018,14418.217667,0.079105,0.305066,0.126558,0.052761,81.747253,0.037243,46.494468,192.049897,1116658.752747,2.7e-05,9.6e-05,0.638107,13699.469052,0.086013,0.37928,0.149417,0.040047,87.084436,0.030677,56.163528,197.159144,989173.568157,4e-05,7.8e-05,0.617311,11737.173077,0.086479,0.357321,0.155789,0.042173,86.102679,0.032323,53.319033,169.000889,851711.922047,4.1e-05,7.1e-05,0.699164,12809.913888,0.091908,0.451919,0.16517,0.039218,85.572677,0.031079,60.816291,183.423425,932821.183555,5.2e-05,6.8e-05
9,10,11,0.545006,256196.3795,0.077998,0.279178,0.030347,0.033911,92.163115,0.019347,49.583876,3914.020168,19019224.466569,8e-06,0.000402,0.445521,590609.431604,0.076653,0.192215,0.014172,0.04091,86.445755,0.019325,37.144988,9166.981329,43639120.896226,5e-06,0.001934,0.551364,94885.681415,0.076945,0.287567,0.092654,0.053138,84.148414,0.034292,46.766668,1311.339988,7191598.113529,6e-06,4.1e-05,0.546318,84429.251103,0.079631,0.284264,0.107378,0.046907,85.143352,0.030477,47.072843,1176.975846,6295436.597459,6e-06,3.1e-05,0.638292,60561.826392,0.085933,0.378511,0.147984,0.044805,88.32582,0.033727,57.620657,870.592998,4404013.025661,1e-05,1.7e-05,0.548246,78937.911168,0.079614,0.285736,0.109375,0.05139,85.786722,0.033918,47.280098,1104.469353,5890635.173958,6e-06,2.9e-05,0.642967,56720.743359,0.086514,0.38393,0.152802,0.045506,87.749041,0.034456,57.442516,818.052129,4113165.765643,1e-05,1.6e-05,0.614399,62309.104427,0.085899,0.352461,0.142624,0.044441,87.72996,0.031752,54.874136,892.952411,4543411.478735,9e-06,1.8e-05,0.698178,52480.741456,0.089291,0.450598,0.168044,0.043441,88.218268,0.034886,62.472516,753.084771,3828833.806728,1.2e-05,1.3e-05
10,11,12,0.550116,53056.37734,0.074008,0.285014,0.042114,0.059277,74.171429,0.040218,38.056083,799.737307,4092524.930049,2.1e-05,0.00093,0.488225,88247.485437,0.075853,0.227181,0.025556,0.086782,65.671521,0.052547,28.259647,1364.975618,6727397.325243,1.4e-05,0.002548,0.563587,28422.546578,0.076322,0.298623,0.087923,0.050713,88.830798,0.034326,50.879321,400.687998,2118802.325095,2.6e-05,0.00018,0.556066,34305.597456,0.079165,0.292474,0.092557,0.052435,83.86279,0.034814,46.693361,458.148554,2643689.01363,1.7e-05,0.000161,0.645238,22058.624304,0.089174,0.387222,0.135546,0.047012,86.122449,0.035661,55.65957,314.207682,1615298.485467,3.1e-05,8.2e-05,0.546808,22955.027089,0.082439,0.284304,0.10973,0.047023,84.95765,0.029229,47.845342,317.259237,1722075.824876,2.3e-05,0.000112,0.648948,18785.475645,0.089287,0.390488,0.146184,0.044601,86.639542,0.033494,57.20188,266.990442,1376564.277077,3.4e-05,6.7e-05,0.633995,20720.266107,0.090225,0.374713,0.139881,0.043053,87.501349,0.030399,56.592468,293.665894,1520763.955049,3.3e-05,7.5e-05,0.708261,18198.581438,0.095384,0.463935,0.158342,0.041618,87.2266,0.033097,62.534722,261.041314,1325207.354839,4.2e-05,5.9e-05
11,12,14,0.581394,8881.674138,0.092545,0.319013,0.094141,0.023384,111.686207,0.009017,70.540705,192.913174,452767.67069,0.000133,0.000544,0.574271,12944.077803,0.096063,0.306966,0.07085,0.020807,121.530892,0.008122,73.952364,259.922469,710891.704805,0.000147,0.001073,0.64259,5562.949561,0.084548,0.382911,0.148534,0.04988,84.205044,0.036198,53.480685,75.432476,419421.787281,9e-05,0.000238,0.596955,7269.453003,0.086554,0.332557,0.124898,0.038278,88.0,0.026307,53.659336,104.388022,515037.47389,8e-05,0.000329,0.66332,5930.382022,0.095251,0.408928,0.14552,0.046339,83.778652,0.035333,55.451378,83.00495,436301.004494,0.000124,0.000275,0.634607,6932.093788,0.08356,0.372991,0.134304,0.043817,86.618758,0.032912,57.096083,97.643539,500720.83922,9.7e-05,0.000313,0.682395,4049.415657,0.092532,0.431572,0.174386,0.040752,87.33644,0.031059,60.436836,56.709526,300727.27027,0.000153,0.00018,0.673669,4111.771564,0.086908,0.421124,0.171573,0.045748,86.504265,0.037062,58.855309,59.11227,294803.88436,0.000134,0.000178,0.709061,3603.778276,0.09097,0.464833,0.18058,0.036472,87.504488,0.027313,63.637943,51.385777,264427.803411,0.000174,0.000163
12,13,15,0.560892,3689.398113,0.076091,0.300078,0.105599,0.044951,91.203774,0.027122,51.720944,63.541248,239798.658491,0.000152,0.000511,0.488748,6572.097792,0.075143,0.229169,0.063034,0.041765,93.457413,0.025802,44.935843,100.420844,483012.44795,0.00012,0.001465,0.616553,2437.961399,0.087307,0.354727,0.165667,0.045303,86.270205,0.032593,54.457115,33.803291,184049.832328,0.000186,0.000205,0.581812,4322.208459,0.081681,0.318083,0.133039,0.060956,82.78852,0.04778,46.824989,59.982306,321009.418429,9.9e-05,0.000352,0.683172,3507.526961,0.094077,0.431769,0.164848,0.040904,84.118873,0.028692,58.65284,50.497004,254787.334559,0.000184,0.000262,0.603816,4674.422901,0.090762,0.349166,0.132136,0.035428,90.436641,0.025165,56.630962,66.873311,338963.89313,0.000149,0.000393,0.651933,2413.762987,0.092279,0.39471,0.185207,0.04378,82.601732,0.034428,55.764811,34.122109,179339.641775,0.000191,0.000185,0.63582,2282.695842,0.08674,0.376492,0.18302,0.04552,85.221007,0.032978,56.1196,32.213975,169146.428884,0.000179,0.000172,0.724064,1917.756522,0.086887,0.48529,0.206504,0.041942,84.361353,0.034957,61.927109,27.808307,140422.943961,0.000256,0.000149
13,14,16,0.524246,7131.460993,0.078774,0.260992,0.071453,0.0429,79.269504,0.020528,41.995205,102.546874,581839.27896,0.000102,0.001091,0.491755,10102.930931,0.077077,0.237436,0.05625,0.049237,80.576577,0.022339,39.48422,137.598008,859726.792793,8.3e-05,0.001779,0.592023,2998.284043,0.083583,0.329919,0.160327,0.034858,85.658511,0.022085,52.612502,41.83608,226073.117021,0.000133,0.000188,0.595936,2993.099269,0.084471,0.334146,0.163534,0.036376,86.125392,0.025821,51.244908,43.722469,215074.587252,0.000134,0.000191,0.667458,2676.365699,0.089855,0.412691,0.187702,0.041977,82.521779,0.031728,55.127094,38.736498,194536.667877,0.000158,0.000149,0.624318,3170.012422,0.084873,0.363202,0.16479,0.040979,84.589027,0.030319,53.509833,44.505655,237793.466874,0.00014,0.000197,0.668152,2707.534926,0.085941,0.413625,0.185476,0.038026,86.284926,0.02908,57.515163,38.420281,200652.897978,0.000171,0.000153,0.689227,3522.209646,0.090882,0.439345,0.173586,0.04135,84.877953,0.031451,59.024985,49.910234,261490.728346,0.000157,0.000181,0.725649,3428.678537,0.092145,0.487267,0.177455,0.032082,89.836381,0.024489,66.596825,50.053236,247630.383061,0.000222,0.00019
14,15,17,0.584712,7724.495697,0.086725,0.319021,0.09118,0.0265,97.650602,0.016186,56.541699,145.479103,440702.605852,0.000128,0.000659,0.569512,10097.037113,0.087282,0.303603,0.076246,0.025342,105.476289,0.013733,61.791696,200.585761,550191.375258,0.000127,0.000919,0.684605,4506.540568,0.091582,0.433141,0.153942,0.042005,86.676471,0.030774,62.112177,63.343914,337480.252535,0.000169,0.000234,0.63161,4565.468314,0.091434,0.370632,0.144723,0.043722,86.486574,0.032387,56.302914,65.125817,335438.312567,0.000138,0.000247,0.674184,3681.955455,0.092309,0.420231,0.17142,0.041854,83.566364,0.031984,56.512185,52.614239,270692.823636,0.000142,0.000171,0.636956,4002.634497,0.093012,0.376552,0.151761,0.041698,85.556468,0.029852,56.069732,56.740662,296688.041068,0.000154,0.000218,0.703131,3010.897415,0.094644,0.457109,0.186586,0.038673,88.00834,0.031052,62.281535,42.454143,225612.29191,0.000203,0.000147,0.677169,3677.174677,0.099622,0.424211,0.169089,0.034659,82.707024,0.025467,56.850186,51.125583,278442.614603,0.000169,0.000179,0.708172,3907.241055,0.095644,0.463905,0.165679,0.034322,89.647834,0.02599,65.578679,57.017566,282403.522599,0.000205,0.000193
15,16,18,0.608739,24047.232819,0.07735,0.344506,0.06786,0.041309,81.678121,0.026939,51.679499,333.259559,2022962.482468,4.5e-05,0.000362,0.525482,51404.793243,0.078196,0.260603,0.03519,0.04353,76.891892,0.025161,41.033787,737.643238,4212580.866216,3e-05,0.001445,0.60582,14353.694369,0.086912,0.343956,0.142148,0.040335,86.85346,0.028577,53.203145,204.156864,1054058.25441,3.7e-05,7.6e-05,0.580959,12429.565233,0.082274,0.318114,0.134871,0.038712,86.892641,0.025481,51.558121,181.598894,892610.456452,3.7e-05,7.8e-05,0.681074,12417.943922,0.090374,0.429792,0.163963,0.041128,87.071638,0.031258,60.830672,179.985418,900511.477393,5.2e-05,6e-05,0.586586,12509.314821,0.082113,0.323887,0.140896,0.041399,88.955366,0.028139,53.131391,183.073166,897616.605111,3.8e-05,7.3e-05,0.676385,10854.518998,0.088567,0.423594,0.174573,0.040885,85.943007,0.031134,58.928171,154.853945,798932.198238,4.8e-05,5e-05,0.651375,11137.127221,0.087627,0.393278,0.167515,0.041366,86.911748,0.030113,57.900937,160.379853,813013.55043,4.7e-05,5.5e-05,0.719565,10557.086511,0.088598,0.478942,0.182784,0.04125,86.723902,0.033725,63.235793,151.982526,770966.387852,5.6e-05,4.6e-05
16,17,19,0.530589,18047.612658,0.073507,0.267996,0.063484,0.058017,78.760759,0.028546,42.505484,375.974024,965488.956962,4.1e-05,0.000625,0.513679,27226.861592,0.073532,0.25053,0.046485,0.049049,84.768166,0.024508,45.514708,539.011516,1524769.200692,4.1e-05,0.001184,0.590762,7547.661948,0.083501,0.327184,0.142385,0.044498,85.050396,0.030716,51.039652,107.491763,554200.579275,5.9e-05,0.000117,0.642171,8150.04097,0.085245,0.382314,0.149838,0.041994,91.405391,0.029223,61.061875,117.688134,591258.709973,7.9e-05,0.000117,0.678428,6728.309853,0.088866,0.425829,0.175317,0.045235,86.680479,0.035297,59.584498,96.446034,493299.305249,8e-05,8.4e-05,0.616686,8315.858485,0.084805,0.355268,0.146099,0.046164,88.61581,0.032561,55.780474,122.439794,590841.4555,6.6e-05,0.000122,0.672972,7473.73943,0.090255,0.419473,0.164457,0.042007,86.19764,0.032815,58.816797,107.12654,547051.904621,7.9e-05,9.9e-05,0.675778,9115.739063,0.096417,0.423086,0.155177,0.040847,84.064583,0.031331,56.739011,128.046028,679965.484896,7e-05,0.000119,0.701261,11042.676779,0.09945,0.454827,0.138785,0.035794,90.648775,0.028241,65.806998,159.526575,802627.354726,9.6e-05,0.000156
17,18,20,0.570943,148.347826,0.080577,0.306474,0.174242,0.051644,70.456522,0.025046,42.732664,3.715896,8864.206522,0.002469,0.001859,0.358239,228.196721,0.087342,0.148616,0.11553,0.068824,66.901639,0.026298,16.23899,4.510351,18330.459016,0.00185,0.004775,0.567588,83.105634,0.078953,0.306784,0.26945,0.049965,81.492958,0.038639,42.328191,1.283883,6199.359155,0.001994,0.000547,0.644771,118.314961,0.080414,0.386199,0.242366,0.039917,86.755906,0.032666,54.732034,1.92005,8034.637795,0.00244,0.00085,0.621202,92.761194,0.083203,0.35832,0.255725,0.037887,79.283582,0.027768,50.455781,1.498599,6829.171642,0.002524,0.000786,0.556562,181.072727,0.082645,0.294545,0.210728,0.038221,86.954545,0.024241,50.003884,2.858207,12567.072727,0.001791,0.001128,0.654961,83.289855,0.082336,0.402016,0.263359,0.037356,84.869565,0.027866,57.851437,1.251273,6265.572464,0.003205,0.000669,0.66,131.84507,0.077564,0.406765,0.272031,0.051246,83.598592,0.043183,55.113811,2.102911,8968.894366,0.002007,0.000691,0.666242,50.824859,0.072936,0.411408,0.33908,0.052264,90.112994,0.045844,60.118571,0.731272,4127.954802,0.003236,0.000372
18,19,21,0.642412,2478.738342,0.079693,0.38346,0.132966,0.035518,96.650259,0.026535,62.919727,47.990948,135647.523316,0.000295,0.000629,0.601164,4071.365019,0.087915,0.337131,0.090721,0.025492,111.581749,0.017574,68.79917,70.737447,246669.019011,0.000367,0.001454,0.594692,1888.118,0.081808,0.337544,0.17188,0.059769,82.114,0.042369,47.369403,25.816809,142456.262,0.000201,0.000363,0.610347,2331.5625,0.083258,0.346451,0.14912,0.04745,83.430556,0.036059,47.351634,33.916928,164412.479167,0.000166,0.000462,0.657692,1617.144404,0.087757,0.403961,0.190378,0.044682,80.122744,0.034697,52.586925,23.381917,116930.319495,0.000272,0.000315,0.612662,1715.724731,0.083667,0.350464,0.159794,0.04041,88.739785,0.028914,57.643961,23.697426,128653.464516,0.000284,0.000387,0.682869,1175.663399,0.095642,0.431837,0.209446,0.040155,84.207516,0.0319,58.95528,16.255172,89356.357843,0.000409,0.000242,0.668495,1374.41958,0.089155,0.414586,0.196834,0.03691,84.409091,0.026443,58.729708,19.807975,100496.659091,0.000361,0.000289,0.712308,1176.283414,0.085626,0.469258,0.211945,0.04494,84.726248,0.037189,61.339526,17.160971,85570.481481,0.000384,0.000244
19,20,22,0.59084,41312.6389,0.074336,0.326588,0.070049,0.037644,95.023453,0.023398,56.553728,616.604389,3072075.002022,2.8e-05,0.000196,0.524792,77894.486486,0.072262,0.260834,0.0419,0.042575,94.524324,0.023851,50.586294,1148.296399,5909227.686486,2e-05,0.000576,0.600819,24134.015542,0.085284,0.337713,0.13389,0.045065,82.9274,0.030298,50.896852,326.097887,1856489.254205,2e-05,4.6e-05,0.572453,25440.605192,0.082517,0.308721,0.126214,0.049421,82.999323,0.034876,47.418236,348.14715,1941017.744018,1.7e-05,5.4e-05,0.657852,18982.746456,0.089122,0.401226,0.160619,0.040134,87.354181,0.029455,58.005927,275.620157,1375977.738306,2.9e-05,3.5e-05,0.589493,21044.334002,0.083007,0.326849,0.141825,0.045479,84.79571,0.031313,50.71193,290.909721,1585513.782077,2e-05,4.1e-05,0.67393,20869.382103,0.09016,0.419991,0.163857,0.039164,88.534318,0.029902,60.721434,303.596944,1506190.149783,3e-05,3.5e-05,0.651979,16933.114431,0.086035,0.394744,0.17301,0.041852,88.329174,0.031137,59.117678,243.523396,1237493.321294,2.9e-05,2.9e-05,0.715908,16786.44501,0.088257,0.474001,0.178657,0.040227,87.809804,0.032628,63.469919,240.652567,1233770.243673,3.6e-05,2.8e-05
20,21,25,0.564806,64155.447594,0.078047,0.300281,0.044476,0.04139,80.420321,0.024523,45.839714,1265.9987,4333485.568449,2.4e-05,0.000479,0.487509,138725.627247,0.082443,0.229305,0.025132,0.034514,77.057711,0.017109,36.774561,2396.180144,10285808.636708,1.6e-05,0.001615,0.595894,34984.660926,0.081904,0.332958,0.126397,0.045956,83.45752,0.032324,50.267746,485.978353,2617042.719288,1.4e-05,4.8e-05,0.579497,31902.116755,0.077548,0.31558,0.122353,0.047913,83.188423,0.031285,48.34061,443.957159,2389628.598149,1.4e-05,4.9e-05,0.661701,26871.881866,0.086206,0.406032,0.15731,0.041879,88.262197,0.031357,59.699024,387.222453,1953288.363148,2.3e-05,3.3e-05,0.592943,31237.627775,0.079399,0.330028,0.131315,0.048902,86.7184,0.03322,52.916759,434.377398,2330549.297927,1.6e-05,4.3e-05,0.671572,30598.681445,0.086937,0.417966,0.152903,0.040906,87.96308,0.031125,60.261469,438.006735,2228855.198959,2.2e-05,3.5e-05,0.645153,27397.192786,0.085961,0.38722,0.157083,0.043614,86.094091,0.03291,55.862132,390.921033,2004022.359785,1.9e-05,3.2e-05,0.718188,24332.203896,0.087353,0.477036,0.172006,0.040271,88.12458,0.032026,64.663174,347.9259,1781915.168302,2.7e-05,2.7e-05
21,22,26,0.622295,6733.988417,0.078457,0.359111,0.092832,0.034382,95.237452,0.024031,60.687657,107.08618,450015.712355,0.000148,0.000676,0.539222,10431.123944,0.078802,0.27946,0.063586,0.030758,104.760563,0.013728,59.933621,189.941656,623033.253521,0.000149,0.001591,0.632441,2418.214,0.08823,0.372662,0.178063,0.036382,85.841,0.025038,55.288136,34.340521,178712.135,0.00018,0.000161,0.62513,4577.820577,0.084147,0.363954,0.143217,0.039853,91.144291,0.029667,57.00369,68.746058,314273.542033,0.000121,0.000267,0.669465,3161.097586,0.08976,0.416349,0.178424,0.042559,84.141851,0.032839,57.615724,44.878023,234052.119718,0.00016,0.000181,0.612797,6742.713656,0.087979,0.350985,0.123191,0.037315,88.666667,0.023648,56.494795,96.706344,482064.325991,0.000108,0.000418,0.685907,2330.626799,0.088096,0.434877,0.198678,0.039359,86.876799,0.031526,60.314548,31.868537,179805.282374,0.000191,0.00014,0.682385,3447.546019,0.090037,0.430841,0.174077,0.045507,85.866598,0.037065,60.531163,48.764106,252698.328852,0.000162,0.000186,0.719806,2309.345471,0.088351,0.479504,0.201179,0.035638,88.657194,0.029193,65.168584,32.31856,172975.333925,0.000235,0.000132
22,23,27,0.596145,64605.874104,0.077387,0.331059,0.06226,0.03078,97.289662,0.019756,56.758461,1096.426688,4287836.443535,2.1e-05,0.00019,0.52286,112214.09375,0.075543,0.258551,0.036697,0.037223,97.94213,0.02228,50.103069,1892.85731,7451836.982639,1.7e-05,0.000543,0.600447,31024.442432,0.083173,0.338667,0.139683,0.044371,83.920632,0.031165,50.614453,433.094155,2325397.015352,1.5e-05,3.5e-05,0.582051,30011.24365,0.081409,0.318207,0.132256,0.046448,83.097557,0.031217,48.654468,417.626284,2254683.375344,1.4e-05,3.6e-05,0.665487,24372.043342,0.089247,0.409993,0.170082,0.040457,88.057789,0.030593,59.641772,350.256413,1785311.233794,2.3e-05,2.4e-05,0.592994,31282.493651,0.082459,0.330364,0.136704,0.043015,85.538956,0.02936,51.654743,438.501781,2329790.897946,1.5e-05,3.6e-05,0.672726,25089.264924,0.088412,0.41903,0.17012,0.042929,87.270831,0.032814,59.622041,362.458728,1825685.2976,2.3e-05,2.4e-05,0.651077,25930.175782,0.086979,0.393994,0.166417,0.040991,86.61292,0.03028,57.147236,371.669151,1898731.143997,2e-05,2.5e-05,0.711163,22312.911368,0.087765,0.467576,0.180797,0.044636,87.067242,0.036582,63.055859,323.434699,1621142.537698,2.6e-05,2.1e-05
23,24,28,0.631513,5498.727711,0.079321,0.37087,0.082374,0.038138,85.831325,0.022533,55.397679,116.027296,315219.183133,0.000191,0.001052,0.555094,11056.13964,0.076455,0.288572,0.044004,0.044263,89.301802,0.030151,50.502809,227.112444,669665.126126,0.000178,0.003746,0.623346,2270.307345,0.084559,0.361588,0.176014,0.03861,85.448588,0.027945,54.489254,31.765107,169975.981921,0.000177,0.000189,0.584326,2993.640584,0.082189,0.320047,0.151072,0.041904,81.938992,0.029678,47.631513,44.314506,209766.587533,0.000121,0.000259,0.66592,1914.10582,0.086769,0.410061,0.188022,0.036437,84.256085,0.02763,57.18796,28.324782,135623.273016,0.000198,0.000151,0.630228,3474.306494,0.089189,0.369556,0.154123,0.035779,86.812987,0.026794,55.502719,50.567065,247785.853247,0.000158,0.000266,0.686894,2659.817059,0.090589,0.436208,0.178236,0.040477,86.117845,0.032953,59.957314,37.660387,196596.792368,0.000214,0.000198,0.653743,3272.021557,0.092061,0.396723,0.167134,0.037086,86.013174,0.026992,57.467845,45.945755,241894.122156,0.000175,0.000237,0.712265,2316.487805,0.09078,0.469097,0.19625,0.037781,87.91565,0.029918,62.988839,33.864229,167328.278455,0.000248,0.000168
24,25,30,0.579224,58070.557836,0.077231,0.313668,0.05388,0.035239,90.118937,0.01946,52.031989,949.142571,4171257.463619,2.4e-05,0.000305,0.486489,116523.162185,0.079455,0.226569,0.029902,0.037449,85.697479,0.015825,40.180907,1856.526673,8755069.151261,1.6e-05,0.001039,0.599024,25873.385177,0.080176,0.335758,0.135626,0.047997,84.270447,0.033167,50.940741,349.034609,1987600.824818,1.7e-05,3.9e-05,0.572087,27734.645244,0.079374,0.30867,0.12897,0.050327,84.14544,0.033961,48.582149,381.104291,2104049.531643,1.5e-05,4.6e-05,0.649731,23826.310624,0.08674,0.391497,0.159822,0.044107,86.660314,0.033814,56.75243,343.263368,1731714.408607,2.2e-05,3.2e-05,0.576934,23815.359586,0.081155,0.314779,0.137249,0.045094,85.859493,0.030125,49.973288,342.376792,1718682.554631,1.7e-05,3.7e-05,0.668537,21934.920391,0.084527,0.413678,0.168732,0.046196,86.233258,0.035803,58.174453,311.378153,1616369.665463,2.3e-05,2.8e-05,0.654943,21288.250038,0.085602,0.397258,0.166874,0.042106,88.132847,0.032161,58.647473,302.786742,1561686.266302,2.4e-05,2.8e-05,0.705385,21308.78088,0.085266,0.459935,0.173656,0.043201,87.825318,0.034888,63.19939,307.118132,1549933.58968,2.8e-05,2.7e-05
25,26,32,0.619687,42489.635644,0.078026,0.357022,0.057939,0.025101,109.023762,0.015777,67.833812,721.846186,2651993.106931,4.7e-05,0.000621,0.537094,67199.515625,0.082134,0.273032,0.036748,0.027331,116.059375,0.013698,64.701148,1137.885744,4243739.935938,4.9e-05,0.001626,0.623093,19605.352657,0.091184,0.361926,0.118475,0.045862,82.63913,0.034468,52.004114,265.414733,1492476.628986,3.5e-05,0.000138,0.592196,21346.800612,0.082025,0.328231,0.112585,0.047869,84.18613,0.034187,49.812474,302.67281,1543261.445691,2.7e-05,0.000153,0.682233,13014.250378,0.092395,0.43076,0.151288,0.040355,86.89426,0.031269,59.759289,187.859618,944358.909743,5.4e-05,8.6e-05,0.603792,22038.964363,0.084133,0.3407,0.106132,0.045995,84.329374,0.031799,52.215013,306.291525,1632759.149568,3.1e-05,0.000174,0.666914,15944.446809,0.096736,0.414405,0.142124,0.041705,86.415094,0.0311,59.054376,227.925829,1163025.604978,4.9e-05,0.000102,0.671344,15476.517296,0.089883,0.417344,0.144267,0.041724,87.48827,0.032817,60.169847,221.071941,1124709.202386,4.7e-05,9.8e-05,0.717762,12989.027027,0.091373,0.476511,0.156421,0.045661,86.497443,0.03754,62.102791,185.939541,950100.264061,5.9e-05,8.2e-05
26,27,33,0.558007,22912.089141,0.076033,0.291831,0.048297,0.054581,80.602917,0.028319,45.550231,331.81704,1908784.332253,6e-05,0.001232,0.488199,33550.929095,0.076105,0.229548,0.032043,0.061268,81.625917,0.030343,41.047015,450.631951,3040916.542787,5.5e-05,0.002866,0.588314,8939.506246,0.086515,0.325197,0.13337,0.043995,84.183224,0.029829,50.35922,121.793389,685751.201666,5.7e-05,0.000138,0.571232,8499.214819,0.081595,0.308056,0.126866,0.051227,78.082192,0.033145,44.229552,116.009261,653566.562267,4.5e-05,0.000144,0.646305,6164.295302,0.087522,0.388227,0.17654,0.037115,85.987919,0.027431,56.169138,89.486427,448428.742282,7.5e-05,8.1e-05,0.58835,7578.559134,0.082347,0.325273,0.142091,0.050599,82.109384,0.035354,47.82584,105.479956,571463.381455,5.3e-05,0.000115,0.660126,6444.774944,0.090047,0.404825,0.176708,0.037441,88.970022,0.027987,59.709073,92.789787,471004.437136,8.5e-05,8.2e-05,0.649897,5730.357975,0.086967,0.391673,0.176067,0.04316,87.598118,0.031369,57.372483,83.795214,412230.344534,7.8e-05,7.7e-05,0.718587,6108.787757,0.085062,0.477918,0.177183,0.041456,87.479446,0.033315,64.796006,88.625314,446295.784182,0.000105,8.3e-05
27,28,35,0.64061,1313.161417,0.078709,0.382076,0.123481,0.049814,83.877953,0.034659,56.396742,38.972118,54826.070866,0.000523,0.001059,0.618294,1495.672811,0.080635,0.357217,0.105493,0.038777,93.571429,0.025212,62.384372,47.718153,61108.460829,0.000538,0.001239,0.635083,1269.319767,0.087176,0.37478,0.167641,0.036624,86.142442,0.027268,56.016744,18.873655,88928.688953,0.000411,0.000548,0.644873,1073.767956,0.085315,0.38642,0.176585,0.039875,94.28453,0.032976,63.117991,14.927046,79844.685083,0.000448,0.00043,0.692067,969.33,0.086213,0.444512,0.193237,0.045051,86.185,0.035341,61.242199,13.433045,74429.0725,0.000522,0.000424,0.649404,1899.603834,0.092815,0.392706,0.153582,0.036628,88.907348,0.029265,56.487605,29.512898,126111.099042,0.000336,0.000666,0.69067,1219.694656,0.098667,0.441291,0.190777,0.041086,81.997455,0.031881,58.086223,16.641984,92416.882952,0.000465,0.000423,0.684864,1099.938338,0.088745,0.434453,0.181685,0.049979,85.541555,0.034981,61.00479,15.43665,80910.72118,0.000478,0.000422,0.709714,1119.545455,0.088465,0.466339,0.176471,0.037186,88.140496,0.03115,62.863748,17.001207,77607.559229,0.000565,0.000504
28,29,36,0.574175,8230.473328,0.082081,0.308208,0.117167,0.044657,73.101044,0.026072,42.534504,621.261242,206473.702794,2.8e-05,3.9e-05,0.561847,8284.528127,0.083531,0.295948,0.11052,0.043947,73.059545,0.025122,41.698786,608.170092,226196.690305,2.9e-05,4.4e-05,0.639064,13371.246336,0.081548,0.378774,0.177146,0.047153,84.207629,0.035604,55.178766,177.496577,1034105.04115,2.6e-05,2.7e-05,0.628158,13645.953872,0.081696,0.367196,0.177731,0.048194,84.141384,0.036145,53.803529,183.19404,1043697.940371,2.5e-05,2.8e-05,0.683517,14694.25435,0.085368,0.432103,0.180079,0.043336,87.430211,0.0339,60.385142,211.628658,1068434.596631,3.4e-05,3.2e-05,0.632871,13263.191296,0.083134,0.372279,0.17991,0.039269,91.741481,0.028382,60.53395,185.97887,978033.241852,3.3e-05,2.9e-05,0.66392,15995.068415,0.087146,0.408502,0.169072,0.04427,82.331625,0.03402,54.704159,222.148961,1205755.652208,3e-05,3.6e-05,0.690693,13482.292013,0.085003,0.440981,0.184676,0.048652,82.204915,0.039766,56.48993,188.85684,1003556.294181,3.1e-05,2.8e-05,0.708298,18585.625537,0.089706,0.46379,0.163543,0.037118,92.568447,0.029069,67.793358,270.337404,1339825.139963,4.2e-05,4.1e-05
29,30,37,0.661797,5800.7488,0.074171,0.406203,0.104271,0.036184,97.728,0.02321,64.643942,107.349724,344578.6128,0.000173,0.000542,0.643343,6928.987085,0.077218,0.382872,0.090409,0.031161,105.918819,0.019179,70.585831,123.572609,423275.276753,0.000197,0.000704,0.681514,2924.764348,0.091858,0.429912,0.191699,0.039486,87.151304,0.029344,60.965191,40.667102,220118.402609,0.000195,0.000147,0.693895,3588.330716,0.092289,0.445257,0.170773,0.041375,85.294406,0.033516,59.013368,47.327332,282407.164868,0.000153,0.000177,0.692137,3333.42953,0.090833,0.443292,0.173862,0.040273,86.93768,0.03056,60.897233,48.134329,243772.729626,0.000186,0.000187,0.690831,3474.596639,0.093966,0.441251,0.178888,0.038631,88.987862,0.029842,63.936845,51.093912,247858.369748,0.000189,0.000172,0.6873,2817.221409,0.090188,0.436678,0.182197,0.037473,84.362306,0.029243,58.035244,39.357896,213165.067704,0.000189,0.000162,0.698117,4163.60364,0.098224,0.450726,0.165329,0.035376,84.652174,0.026831,60.83301,60.215582,302539.43276,0.000175,0.000215,0.704147,4706.398942,0.100764,0.458777,0.157948,0.037,86.006349,0.029675,61.785712,68.610585,339462.658201,0.000179,0.000249
30,31,38,0.655736,2062.954545,0.080653,0.398274,0.134362,0.072294,68.08134,0.054226,43.08717,19.046852,233680.351675,0.000193,0.000542,0.65561,2181.385542,0.08241,0.397939,0.133398,0.071136,66.144578,0.052744,41.87394,19.658892,252672.359036,0.000186,0.000571,0.669726,1123.186335,0.088075,0.414669,0.205619,0.042765,86.476708,0.032254,60.288812,15.13955,87344.718944,0.000384,0.000216,0.634223,1154.623003,0.088227,0.374144,0.199872,0.045377,81.351438,0.031789,53.537756,16.488154,84530.547923,0.000273,0.000206,0.656305,1004.46118,0.087371,0.399015,0.205423,0.038064,86.291925,0.027633,56.853425,15.019007,70761.324534,0.000352,0.000206,0.637664,1025.513302,0.08521,0.376897,0.203828,0.039131,87.629108,0.028371,58.330093,14.570229,74833.804382,0.000325,0.000192,0.696233,1165.976266,0.084392,0.44815,0.201466,0.05024,83.955696,0.041615,57.948236,16.47145,87113.025316,0.000315,0.000213,0.698385,1047.622901,0.085065,0.45096,0.209198,0.043743,86.126718,0.036162,60.308625,14.781762,77523.077863,0.000348,0.000184,0.691424,896.896047,0.086075,0.442169,0.217793,0.035348,84.89019,0.027876,60.392088,13.87236,61473.162518,0.000406,0.000174
31,32,39,0.562512,15501.266614,0.082416,0.29581,0.064237,0.05007,73.764241,0.029515,41.900977,573.578741,859825.22943,4.5e-05,0.000334,0.531631,16657.884263,0.082592,0.267085,0.061036,0.046533,75.573689,0.027118,40.426516,591.491482,970419.457119,4.3e-05,0.000383,0.653573,10111.432383,0.085318,0.396153,0.169354,0.046747,85.075804,0.035708,56.107922,140.017204,761647.88205,4.8e-05,5.4e-05,0.628016,11232.086503,0.080377,0.366675,0.152696,0.049426,84.858633,0.036644,54.45394,154.901607,848288.086503,3.9e-05,6.2e-05,0.686011,9637.31605,0.085813,0.435455,0.176142,0.044781,87.875036,0.035321,61.404606,138.69233,705219.98864,5.6e-05,5.2e-05,0.631273,11342.112512,0.083065,0.370029,0.159089,0.042885,88.650178,0.031072,57.917186,158.580332,843432.304559,4.4e-05,6.1e-05,0.679702,10643.09215,0.086973,0.427159,0.16552,0.042178,86.282966,0.032235,59.028469,152.070489,783730.0,5.1e-05,6e-05,0.707455,11019.907688,0.087679,0.46267,0.169915,0.047273,83.062349,0.039051,58.994851,152.899148,828458.302966,5e-05,5.7e-05,0.719731,11695.38239,0.089693,0.479344,0.165066,0.039773,88.612321,0.031688,64.924955,173.363184,829974.539203,6e-05,6.2e-05
32,33,1001,0.530102,79042.438654,0.090485,0.265332,0.04803,0.024348,82.756786,0.012967,43.108642,1811.066359,5227987.363735,1.8e-05,0.000282,0.492589,177401.707744,0.094494,0.232744,0.025807,0.021552,84.445118,0.009773,40.682852,3223.73347,13718711.039731,1.6e-05,0.001012,0.544595,56544.08534,0.072604,0.279632,0.082699,0.054407,81.207858,0.033633,43.406565,760.656738,4427317.565695,9e-06,7e-05,0.52295,56794.390784,0.074305,0.261629,0.100032,0.055265,81.700668,0.03468,41.981625,764.132787,4348649.527084,7e-06,4.9e-05,0.606585,36775.554071,0.080006,0.343397,0.140573,0.045164,88.440559,0.032367,54.556158,528.0547,2665814.408092,1.3e-05,2.7e-05,0.527179,48192.413782,0.074696,0.265845,0.107476,0.056814,81.851568,0.034914,43.334915,641.442582,3714373.498367,7e-06,4.1e-05,0.610393,35135.180872,0.079307,0.347085,0.144973,0.042851,89.997821,0.03088,56.018839,502.888662,2548057.120339,1.3e-05,2.5e-05,0.596157,36313.998777,0.079657,0.333368,0.143464,0.045663,87.722657,0.031465,52.973609,520.154077,2632316.424394,1.2e-05,2.6e-05,0.676755,30867.373434,0.083539,0.423608,0.168124,0.044455,88.453112,0.035143,60.764793,443.680394,2247500.574039,1.8e-05,2e-05
33,34,1002,0.562401,21261.327478,0.077371,0.295876,0.059611,0.076218,67.158093,0.049434,37.977037,281.369391,1771540.154329,3.6e-05,0.000741,0.4796,32567.247655,0.081605,0.225313,0.039839,0.071082,63.729831,0.036994,30.075841,416.394128,2827848.953096,2.8e-05,0.001694,0.561288,10505.427322,0.077113,0.296929,0.111553,0.047578,90.323688,0.03149,51.025437,153.983297,758388.908479,5.1e-05,0.000188,0.544414,8804.469715,0.078614,0.282383,0.126817,0.043972,85.423397,0.029387,46.95661,122.057926,662883.463777,4.4e-05,0.000134,0.629564,6432.626594,0.081378,0.36795,0.164865,0.043965,86.933971,0.032479,55.040991,89.630611,482731.562386,6.2e-05,7.8e-05,0.584485,8080.92925,0.081185,0.320046,0.142492,0.042195,86.046463,0.029165,50.515416,115.253356,592327.852165,5.2e-05,0.000112,0.644584,6688.10621,0.087843,0.386246,0.175775,0.036389,86.352463,0.0269,56.589017,93.871185,497579.391435,6.9e-05,7.5e-05,0.616279,6573.606155,0.085996,0.356418,0.168432,0.040538,86.239072,0.029449,54.257741,93.11534,485404.627119,6.4e-05,8e-05,0.682424,6017.776929,0.083973,0.43116,0.186773,0.042343,86.321543,0.033524,60.26331,87.464593,435133.379823,7.7e-05,6.6e-05
34,35,1003,0.553644,27219.844237,0.078551,0.286478,0.050847,0.03484,105.53271,0.017191,58.603662,424.469849,1901502.468847,6.5e-05,0.001072,0.481244,42405.445701,0.074906,0.220696,0.035049,0.048405,108.923077,0.019902,54.670815,646.422219,3021893.760181,5.2e-05,0.002308,0.563244,11053.204494,0.077529,0.298017,0.105467,0.051172,84.020225,0.034777,47.000163,157.116753,815737.753558,4.5e-05,0.000211,0.553343,9878.240423,0.080705,0.289221,0.119627,0.04922,82.655218,0.033602,45.112383,133.200133,763785.607001,4.2e-05,0.00016,0.616593,7694.196529,0.085279,0.355425,0.154654,0.04195,85.416539,0.031396,52.926731,111.296388,557150.825932,6e-05,0.000104,0.557949,8941.688626,0.080429,0.294454,0.127204,0.044985,80.986327,0.028273,45.755604,118.53594,699241.124301,4.3e-05,0.000141,0.641133,7302.840877,0.085249,0.381685,0.165732,0.042977,86.870891,0.03254,56.80699,106.184853,525916.228204,6.8e-05,9.2e-05,0.598071,8031.13501,0.084207,0.336276,0.154029,0.042443,86.067762,0.030629,52.245689,113.369248,591042.943018,5.4e-05,0.000102,0.698143,6772.856337,0.088063,0.450683,0.181833,0.043827,85.660156,0.035623,60.284439,97.210496,494788.103299,8.3e-05,7.8e-05
35,36,1004,0.556592,2634.069328,0.092446,0.294833,0.104044,0.051983,62.670168,0.032275,33.307479,23.382064,333669.115546,0.000175,0.00061,0.529346,3496.422572,0.089769,0.265409,0.083133,0.064284,60.393701,0.042754,28.489312,30.198707,465932.07874,0.000128,0.000988,0.562714,3006.538462,0.079354,0.298567,0.128261,0.038007,87.505983,0.026455,50.445839,43.635703,217686.112821,0.00015,0.000383,0.576801,2367.750751,0.080563,0.309841,0.146181,0.047087,81.665165,0.034127,47.272159,32.820789,176970.478979,0.000139,0.000267,0.641618,1736.611738,0.08436,0.381668,0.19345,0.04316,88.011287,0.032289,58.019223,23.95292,130070.027088,0.000202,0.000149,0.544664,1713.807848,0.078472,0.281533,0.161424,0.048175,82.11502,0.032587,42.854489,24.831351,122775.462788,0.000132,0.000198,0.653122,1623.442013,0.087187,0.395343,0.2,0.03387,87.69256,0.024962,58.680477,23.213457,118125.942013,0.00023,0.000143,0.632757,1747.085393,0.08253,0.372127,0.194663,0.039759,88.083146,0.0296,58.661595,24.008816,131976.244944,0.000206,0.000158,0.7034,1706.35947,0.087865,0.457699,0.215021,0.038366,84.790224,0.031122,61.199063,24.518774,124933.509165,0.000265,0.000141
36,37,1005,0.523174,14284.456496,0.076752,0.263199,0.070665,0.047333,81.774732,0.026673,43.171779,208.573024,1069332.525626,4.8e-05,0.000544,0.471226,26240.812133,0.073824,0.217849,0.043046,0.070034,75.399217,0.045673,35.697994,393.722918,1936631.563601,3.3e-05,0.001573,0.554151,7720.414079,0.076799,0.289646,0.122217,0.049121,86.045549,0.029169,49.650216,106.721004,589887.859213,6e-05,0.000172,0.533986,7588.514656,0.080206,0.271626,0.124354,0.042628,84.840491,0.027864,46.214691,109.285472,554032.02045,5.3e-05,0.000162,0.639564,5213.40725,0.085276,0.380169,0.179377,0.039884,87.799906,0.028279,57.974826,75.118745,380125.126648,8.6e-05,7.8e-05,0.555398,7316.495836,0.081544,0.291772,0.132221,0.041179,84.069186,0.026922,47.122439,106.018712,529913.31262,5.2e-05,0.000143,0.641432,5516.275762,0.084903,0.381892,0.174932,0.041933,86.003387,0.031226,57.45258,80.308687,400635.917755,8.3e-05,8.7e-05,0.607157,4656.96808,0.08123,0.34494,0.176981,0.039088,87.61696,0.027599,53.868685,66.737636,342354.757504,7.9e-05,7.7e-05,0.696757,5037.823005,0.086513,0.448811,0.189555,0.046157,88.035221,0.038418,62.829119,72.92855,367942.553277,0.000109,7.3e-05
37,38,1006,0.555318,7770.957075,0.079635,0.289624,0.081308,0.034626,95.313196,0.02109,52.882106,136.951397,494590.958665,0.000117,0.000667,0.496641,16318.577143,0.075069,0.2384,0.045243,0.035197,97.688571,0.01824,48.415256,266.091479,1124612.634286,9.6e-05,0.002352,0.574697,5359.513363,0.075999,0.308441,0.116006,0.043498,84.551225,0.028524,48.975371,75.165719,412187.314031,9.4e-05,0.000305,0.546051,4023.414365,0.082688,0.283189,0.140637,0.04395,83.74954,0.027931,45.309819,55.894422,305759.244015,9e-05,0.000185,0.621431,3482.528426,0.085841,0.360416,0.178251,0.03952,85.21137,0.028927,53.805373,51.336711,249648.688776,0.000115,0.000124,0.554235,3115.323455,0.080356,0.290298,0.152683,0.041841,83.065199,0.026867,46.843295,42.845742,237627.588484,9.3e-05,0.00014,0.644103,3388.300219,0.083346,0.384846,0.177309,0.042667,85.118335,0.033214,55.559489,48.830693,248519.420015,0.000122,0.000124,0.600682,3288.932432,0.084987,0.337278,0.172584,0.039434,86.183934,0.02708,53.283319,47.284207,242041.764264,0.000118,0.000125,0.708445,3300.298387,0.088531,0.464257,0.193046,0.040896,86.511425,0.031536,62.379468,47.440151,242690.903898,0.000174,0.000111
38,39,1007,0.526491,26168.803235,0.083878,0.263722,0.040256,0.081951,57.336927,0.048995,29.03192,328.341108,2272642.318059,4.1e-05,0.00267,0.493064,35471.695971,0.087228,0.23407,0.029606,0.122567,50.604396,0.078586,22.22144,425.391159,3259538.10989,3.1e-05,0.004946,0.567289,10252.102564,0.075452,0.302138,0.096847,0.039798,94.566332,0.021603,55.549924,144.166169,768628.426979,7.4e-05,0.000375,0.554873,7456.110424,0.080175,0.291969,0.122339,0.051255,85.920495,0.032328,48.902317,103.575091,560818.286219,6.2e-05,0.000222,0.642979,5969.182186,0.088289,0.383811,0.160182,0.043631,88.944669,0.033155,57.995159,86.764662,428540.431849,9.2e-05,0.000136,0.542756,6355.948785,0.080016,0.280902,0.124098,0.04476,88.092014,0.029561,48.52015,91.458305,463521.588542,6.9e-05,0.000206,0.647811,5351.050825,0.087762,0.389808,0.16329,0.043322,88.132013,0.032862,58.370971,78.308158,383817.137954,0.000102,0.00013,0.596928,5280.46011,0.08512,0.337238,0.156529,0.0429,88.264787,0.030861,52.831471,76.113332,384115.839752,8.7e-05,0.000138,0.703751,5019.803486,0.089161,0.458159,0.17933,0.045819,87.203726,0.037542,62.936134,72.107841,368700.90024,0.000126,0.000114
39,40,1008,0.529629,33736.073197,0.084298,0.265979,0.052097,0.088858,57.73197,0.053542,30.595963,415.940997,2939328.065662,2e-05,0.00071,0.521206,42255.82493,0.090471,0.255392,0.040011,0.092171,51.680672,0.059186,25.015747,475.267523,4024345.519608,1.9e-05,0.001161,0.533534,16170.040508,0.076011,0.271962,0.092542,0.046358,86.91717,0.029249,47.185963,227.378091,1215730.625151,3.6e-05,0.000202,0.562276,14255.8026,0.078352,0.298351,0.116646,0.046203,84.747713,0.029726,47.64993,198.636979,1074825.92441,3.3e-05,0.000127,0.629677,10206.232707,0.084615,0.367975,0.158264,0.039502,88.328485,0.027663,57.42665,143.930158,758488.958496,5e-05,7.1e-05,0.526945,11652.721235,0.080809,0.267144,0.119937,0.041653,83.915809,0.024392,45.032407,158.484124,891288.824602,3.4e-05,0.000112,0.624546,9025.419067,0.088034,0.364062,0.16931,0.037942,86.083747,0.027667,54.281548,130.292187,656085.790467,5e-05,6.1e-05,0.624867,9496.9642,0.08534,0.364574,0.163028,0.041237,86.620998,0.030973,53.685401,136.715835,691964.295009,4.7e-05,6.6e-05,0.69287,9103.725116,0.089501,0.443833,0.18216,0.041759,87.364561,0.033893,61.28114,130.823656,664959.193529,6.4e-05,5.5e-05
40,41,1009,0.566497,1554.342205,0.078894,0.303966,0.119545,0.05151,76.547529,0.027886,43.843736,22.814493,115470.855513,0.000306,0.001046,0.481185,2322.140541,0.077341,0.227582,0.084167,0.074538,66.854054,0.046202,26.131449,32.741191,183647.864865,0.000211,0.002201,0.613807,691.535211,0.081763,0.350669,0.194166,0.035124,91.220657,0.022416,55.861149,10.018249,50731.366197,0.000492,0.000307,0.591945,623.994949,0.079635,0.326714,0.180328,0.041138,88.651515,0.031612,53.022604,9.33405,44744.775253,0.000427,0.000297,0.670041,662.661702,0.083812,0.415401,0.214318,0.036682,87.993617,0.027649,59.985243,9.959561,46934.210638,0.000533,0.000266,0.57086,1043.47541,0.080997,0.309564,0.168044,0.053943,79.051913,0.038321,44.093977,14.090362,80652.579235,0.000283,0.000445,0.677532,905.969432,0.084924,0.426956,0.209324,0.04693,84.991266,0.036573,57.627188,13.276791,65009.676856,0.000472,0.00032,0.711428,888.866091,0.086463,0.468785,0.211899,0.039371,87.578834,0.031072,64.094836,12.430902,66633.220302,0.000505,0.000297,0.702781,599.259117,0.082873,0.456891,0.23725,0.039784,90.119002,0.0331,65.099483,8.815883,42718.06142,0.000611,0.000206
41,42,1010,0.552511,7482.835575,0.088388,0.285523,0.07905,0.04191,75.962631,0.023713,42.743225,303.160909,240750.167414,8.9e-05,0.000544,0.468223,13913.087379,0.092092,0.210411,0.0487,0.035097,72.791262,0.015376,31.673224,476.35229,507247.055825,6.3e-05,0.001537,0.581996,3348.180966,0.080257,0.317596,0.164746,0.043983,83.397981,0.030575,48.449302,42.595426,273097.425379,8.9e-05,0.000109,0.557925,3676.538168,0.080179,0.294877,0.156157,0.044849,84.341985,0.028625,46.750783,48.709109,285917.294656,6.9e-05,0.00011,0.642409,2910.759951,0.08202,0.384615,0.194428,0.041349,87.871402,0.032105,57.582278,42.455832,208498.844458,0.000119,8.3e-05,0.58723,4145.45066,0.080702,0.32466,0.153672,0.041909,81.809635,0.027324,48.79191,54.854831,325250.02331,7.5e-05,0.000123,0.671656,3591.286252,0.08305,0.417128,0.189846,0.039851,87.934714,0.031439,59.140069,52.282589,258234.317012,0.000117,9.7e-05,0.638971,2973.533708,0.080185,0.379549,0.190646,0.039568,87.053683,0.029014,55.660941,43.242501,211701.764669,0.000104,8.1e-05,0.691264,3249.347645,0.087526,0.441922,0.199358,0.040704,87.147883,0.032537,60.816625,47.634433,233025.6774,0.000139,8.8e-05
42,43,1012,0.631674,16509.48,0.080359,0.369324,0.077743,0.04412,77.321905,0.027059,49.895843,253.062885,1155781.673333,4.5e-05,0.000343,0.552948,28646.14178,0.081582,0.28697,0.049067,0.045886,75.497738,0.024047,43.387929,441.019724,2000302.68175,3.3e-05,0.0009,0.626185,7102.456924,0.086519,0.364425,0.165658,0.038596,83.896256,0.027658,54.432621,96.762782,537897.869193,6e-05,7.9e-05,0.58787,7472.932765,0.08279,0.326373,0.149032,0.043614,82.691922,0.03052,48.766859,105.400533,545165.09433,4.9e-05,9.2e-05,0.674011,6271.151612,0.087869,0.420505,0.187565,0.036531,87.559491,0.026671,60.607408,90.956693,453304.570633,8.1e-05,6.7e-05,0.582754,7282.362027,0.082943,0.320003,0.151875,0.036521,86.688146,0.023626,52.212297,106.058181,516632.323168,5.3e-05,9e-05,0.682398,5714.192499,0.086957,0.431401,0.194695,0.040799,85.026789,0.031814,58.822283,81.612042,421322.140834,8.1e-05,6.2e-05,0.65715,5472.398667,0.085238,0.400794,0.190104,0.039007,84.880831,0.029538,56.823509,78.934252,399095.544884,7.5e-05,6.3e-05,0.713873,5186.430949,0.08619,0.471275,0.209916,0.038611,87.442989,0.031409,64.056203,75.0309,376310.798159,9.2e-05,5.1e-05
43,44,1013,0.599452,4842.255556,0.080091,0.333822,0.098146,0.061969,67.763492,0.041395,39.692799,65.196653,394464.52381,0.000104,0.000524,0.547103,6751.916309,0.095931,0.2806,0.072642,0.074321,57.126609,0.044604,29.147291,86.975191,576282.090129,8.1e-05,0.000923,0.587985,2639.684363,0.081284,0.323804,0.161799,0.040396,84.274131,0.028447,50.488571,36.570921,199896.455598,0.000134,0.000162,0.607503,2872.831232,0.079893,0.342967,0.160517,0.039284,87.830262,0.025682,53.161571,41.788407,208565.8613,0.00014,0.000172,0.642774,2891.51368,0.085877,0.38477,0.177336,0.03788,84.806708,0.028446,54.366774,41.399106,211223.051192,0.000141,0.000146,0.598595,2495.43186,0.08416,0.333803,0.169661,0.035634,85.721915,0.023459,51.209129,34.484691,187757.776243,0.000131,0.000141,0.685342,2070.899547,0.0846,0.434106,0.206584,0.041457,86.41994,0.033747,59.228451,30.512526,146873.432024,0.00018,9.8e-05,0.672739,1944.56352,0.085049,0.419059,0.21947,0.038685,84.994322,0.030174,57.974706,28.49773,139536.23137,0.000176,8.9e-05,0.7042,2137.589193,0.08628,0.45858,0.211193,0.040024,84.125833,0.032846,59.918418,30.852363,155811.867506,0.000187,9.8e-05
44,45,1014,0.546526,15034.839506,0.08415,0.28031,0.050321,0.046308,74.353909,0.026151,38.799642,229.136032,1125006.932099,5.8e-05,0.001204,0.453731,24572.338415,0.08808,0.207354,0.033909,0.061759,65.722561,0.03143,27.540109,358.049327,1933238.445122,4.7e-05,0.002953,0.581911,4560.518519,0.082301,0.317189,0.154946,0.048534,80.693603,0.034138,48.808659,61.180565,353443.812121,7.3e-05,0.000115,0.586363,5900.682094,0.079575,0.320914,0.138112,0.050076,82.0478,0.036014,47.104427,77.208582,466392.867982,6e-05,0.000153,0.675002,4519.033113,0.088704,0.421574,0.189619,0.036567,87.534216,0.027177,59.714817,64.971437,328865.157837,0.000109,9.1e-05,0.566909,6029.586285,0.08311,0.304908,0.138909,0.046404,83.244913,0.030807,46.865129,80.722603,469279.996232,6.6e-05,0.000154,0.653135,4783.746712,0.087812,0.395839,0.18274,0.041573,87.06175,0.032038,57.352171,69.616593,345652.033162,9.7e-05,0.000101,0.647683,5462.589109,0.086447,0.391094,0.169499,0.034313,89.168317,0.025065,59.03392,78.592485,394528.520421,9.4e-05,0.000113,0.688575,4858.368938,0.088919,0.438314,0.181304,0.037653,87.591224,0.028585,62.061914,69.67915,354965.6403,0.000116,0.000102
45,46,1015,0.705512,93.242647,0.087478,0.46237,0.268245,0.058086,71.110294,0.05267,45.564122,0.834664,12056.360294,0.002162,0.000692,0.656521,87.056338,0.094624,0.403095,0.279528,0.044115,66.880282,0.037894,35.29023,0.720009,11988.711268,0.002405,0.000651,0.580257,133.932203,0.092502,0.318874,0.233202,0.040283,76.838983,0.023077,44.958584,2.922507,7376.949153,0.002304,0.000943,0.671842,125.438849,0.096631,0.420423,0.274704,0.034135,99.431655,0.015812,70.95927,1.6846,10759.158273,0.004574,0.000787,0.666254,72.382353,0.083945,0.410727,0.333988,0.036117,84.670588,0.025791,55.405884,1.095359,5341.241176,0.001868,0.000337,0.646958,141.65,0.083889,0.388472,0.237154,0.045923,81.7,0.037118,54.13819,2.057374,10986.316667,0.002606,0.001059,0.647893,92.890511,0.084767,0.390911,0.269685,0.042118,83.525547,0.036,51.4668,1.323345,7284.781022,0.002604,0.000773,0.622287,45.583333,0.085634,0.360043,0.306483,0.0395,75.737179,0.029641,46.371136,0.822202,3044.288462,0.002886,0.000451,0.678128,57.139241,0.080436,0.426935,0.309804,0.046378,86.088608,0.037916,62.79681,1.289658,3052.664557,0.004852,0.000522
46,47,1017,0.558374,400.023041,0.088195,0.292744,0.171813,0.031289,90.156682,0.017418,52.073893,11.60409,16652.940092,0.000963,0.000702,0.564485,430.492147,0.077767,0.299087,0.150869,0.0397,84.13089,0.025715,49.656153,15.590194,16388.795812,0.000901,0.000977,0.632401,400.24812,0.081972,0.370795,0.211111,0.047524,82.992481,0.037294,54.434603,6.030546,28403.191729,0.000783,0.000467,0.639108,344.988848,0.081494,0.378975,0.212145,0.054041,84.892193,0.042684,57.166435,5.036161,26135.762082,0.000906,0.000438,0.658999,431.341818,0.080172,0.401838,0.217736,0.03714,86.785455,0.029023,57.715435,6.508637,30346.116364,0.000752,0.00046,0.546267,198.781879,0.079433,0.285122,0.234831,0.04035,82.697987,0.025018,45.369785,3.197846,13566.563758,0.000648,0.00024,0.644352,473.753906,0.087921,0.384766,0.20431,0.045246,79.996094,0.036944,51.583368,7.096724,33622.320313,0.000731,0.000539,0.615988,328.399293,0.084643,0.353794,0.22407,0.03829,80.766784,0.029069,49.836206,3.733655,30416.522968,0.000701,0.000388,0.715302,556.262745,0.088166,0.474479,0.203837,0.053231,84.25098,0.04552,58.522499,7.777101,41886.117647,0.000811,0.000572
47,48,1019,0.557623,6182.466476,0.092924,0.292936,0.093131,0.064374,59.599144,0.040226,32.143203,46.716743,881114.435093,7.7e-05,0.00049,0.503509,7568.75448,0.095085,0.244614,0.074074,0.057735,58.297491,0.031547,28.342381,55.21848,1137792.783154,7.1e-05,0.000766,0.576082,5589.860648,0.077756,0.311638,0.136339,0.042737,89.338567,0.025963,52.214808,80.29773,400333.131501,8.4e-05,0.000214,0.559322,5651.280967,0.07563,0.295861,0.13311,0.043877,87.598187,0.029549,48.459557,81.832672,402715.936556,7e-05,0.000224,0.658737,5669.072279,0.083811,0.402045,0.158469,0.04358,87.811224,0.031144,59.230796,80.516976,409744.439626,9.6e-05,0.000172,0.576613,5717.905797,0.080274,0.315321,0.129682,0.0433,88.494824,0.030187,51.378034,82.681497,410116.701863,8.9e-05,0.000245,0.665594,4862.684964,0.086899,0.410306,0.168929,0.045716,88.984885,0.035925,59.727809,69.69569,352908.602228,0.000124,0.000157,0.660414,4465.342043,0.081724,0.404542,0.169462,0.043668,90.595408,0.033928,61.745042,63.164048,327201.154394,0.000121,0.000147,0.702688,5203.053269,0.085095,0.456633,0.166376,0.045829,88.566586,0.038228,63.546361,73.661052,380391.682809,0.000128,0.000162
48,49,1020,0.569806,4426.498276,0.078615,0.306391,0.098255,0.03627,88.931034,0.0193,50.353245,66.518277,338313.032759,0.000136,0.000515,0.520287,5180.65102,0.078109,0.260608,0.083178,0.041877,85.197959,0.023527,42.12263,76.522055,404515.555102,0.000127,0.000801,0.606901,2445.49031,0.081328,0.343895,0.175929,0.039566,86.688953,0.026881,53.292557,35.019029,179122.766473,0.000144,0.000153,0.618745,2380.249228,0.08249,0.35586,0.165869,0.040422,84.781668,0.031103,52.110737,34.578905,173913.640577,0.000151,0.000168,0.663264,2407.340035,0.085866,0.408703,0.195589,0.03797,84.585664,0.029003,55.677164,33.572095,180726.839161,0.000154,0.000128,0.606968,2295.964896,0.084928,0.343281,0.179526,0.038246,85.90797,0.023327,54.066568,32.494004,169615.185009,0.000152,0.000137,0.671552,2519.949262,0.090394,0.416896,0.185458,0.040715,82.954797,0.032526,53.770089,36.836603,181519.874539,0.000157,0.000141,0.657814,2922.914286,0.090267,0.403198,0.173504,0.043597,82.489655,0.033871,54.240961,39.261688,228248.553695,0.000156,0.000174,0.7009,3669.372162,0.095176,0.455066,0.174055,0.036475,88.714709,0.028323,62.921533,53.264401,264744.657453,0.000191,0.000197
49,50,1022,0.559974,20537.273749,0.076183,0.294108,0.065028,0.058146,76.926456,0.031798,43.058728,301.587339,1540947.752809,3.8e-05,0.000535,0.508165,30532.117052,0.07519,0.248743,0.045959,0.065925,72.895954,0.037569,36.221808,438.403152,2373973.735549,2.9e-05,0.001143,0.592546,13528.240207,0.083626,0.328849,0.116362,0.047156,82.590438,0.03147,50.113556,187.64249,1018310.445853,4.5e-05,0.000163,0.566087,12623.537026,0.081919,0.301814,0.114624,0.045339,82.985423,0.028484,47.775918,179.589422,926360.244315,3.9e-05,0.000161,0.660388,10012.488199,0.088424,0.404412,0.15287,0.039186,88.996941,0.030408,59.710782,143.856698,730388.754808,6.5e-05,9.6e-05,0.565043,10539.944206,0.083332,0.301298,0.124616,0.044797,83.959227,0.029736,48.107489,144.742522,795939.940987,4.3e-05,0.000124,0.661835,10858.745064,0.090137,0.406767,0.152809,0.04179,87.713471,0.033264,59.454386,155.428377,794385.957437,6e-05,0.0001,0.625987,8676.719836,0.086291,0.365217,0.163392,0.043461,84.788957,0.03243,53.169968,124.546599,632466.460941,5.1e-05,8.1e-05,0.725419,8576.007803,0.090034,0.487057,0.171255,0.046915,87.499415,0.038976,64.499024,121.850841,633945.736247,7.9e-05,7.6e-05
50,51,1023,0.583572,14144.79979,0.074498,0.316577,0.081867,0.061864,79.342767,0.039944,48.274316,193.50383,1106246.698113,4.9e-05,0.000415,0.514885,21203.054135,0.072545,0.254547,0.057165,0.076251,75.300752,0.041906,38.80603,292.465266,1646875.299248,3.2e-05,0.000859,0.607067,8041.046386,0.083961,0.34473,0.142943,0.044514,86.578313,0.032117,52.799863,116.121022,583074.672892,6.7e-05,0.000138,0.598995,7976.030357,0.081225,0.336362,0.144665,0.047389,86.078571,0.033795,51.089955,113.645927,586292.245833,5.8e-05,0.000135,0.668752,6720.85338,0.086958,0.415389,0.173403,0.045714,84.622763,0.036053,56.760617,96.087922,493029.753976,7.7e-05,9.7e-05,0.60714,8697.433628,0.084948,0.344681,0.136521,0.0458,87.928571,0.03247,55.088231,121.794452,651328.145386,6.5e-05,0.000152,0.678182,8113.309942,0.094159,0.425627,0.161793,0.040837,82.417863,0.0325,55.820915,114.880532,598529.975013,7.4e-05,0.000114,0.656202,7026.906916,0.086585,0.398764,0.165747,0.042071,85.930317,0.032816,57.737453,100.677337,515363.383255,7.6e-05,0.000104,0.700746,7207.984477,0.090203,0.453997,0.172111,0.041535,85.290936,0.033134,60.484588,104.440791,522362.945418,8.7e-05,0.000101
51,52,1024,0.580658,9862.706533,0.087532,0.314541,0.086801,0.052318,66.898492,0.033374,40.073748,115.942212,928371.359799,5.8e-05,0.000368,0.502898,12807.361673,0.092531,0.242396,0.064812,0.061673,59.82996,0.035702,28.550938,138.577768,1316095.842105,5e-05,0.000724,0.561998,5207.544143,0.081921,0.300073,0.151964,0.041628,87.159838,0.026891,49.71383,75.12849,378542.80554,6.9e-05,0.000103,0.542348,5236.028442,0.078486,0.278858,0.135464,0.041395,85.865546,0.025413,47.519597,74.921506,382867.10278,6.1e-05,0.000119,0.663197,4890.429327,0.085652,0.407265,0.182504,0.04253,86.059615,0.033198,56.992124,69.400865,361318.103365,8.7e-05,7.7e-05,0.575538,7031.122462,0.082164,0.311993,0.134324,0.042264,85.960707,0.027524,50.561863,99.975876,519458.548788,6.7e-05,0.000149,0.655868,5330.734145,0.085694,0.398191,0.173123,0.044538,87.801116,0.033527,59.000574,75.786504,394036.0,9.6e-05,9e-05,0.650069,5800.672956,0.082615,0.391142,0.16784,0.042592,86.277254,0.032204,56.815815,83.008258,424477.925577,7.4e-05,9e-05,0.695083,5372.494484,0.087944,0.44655,0.1832,0.04325,86.908873,0.034998,61.489626,78.484529,387362.914149,0.000103,8.3e-05
52,53,1025,0.567336,3540.329154,0.086173,0.300793,0.088587,0.065482,67.200627,0.040052,36.767941,48.141499,282897.768025,0.00016,0.001144,0.503501,3716.439024,0.086688,0.240432,0.06822,0.071476,63.48374,0.039878,30.618387,51.994281,294709.48374,0.000135,0.001741,0.621916,2112.366483,0.083802,0.360011,0.153173,0.046064,84.38674,0.032213,55.47796,30.84885,149739.707182,0.000204,0.00033,0.591737,1256.269982,0.081134,0.326243,0.157527,0.039079,86.529307,0.028136,53.193185,16.742701,98902.809947,0.000247,0.000244,0.68979,1852.334311,0.086738,0.439831,0.191789,0.039702,84.593842,0.03049,56.962951,26.27785,134480.406158,0.000232,0.000229,0.592282,1658.078809,0.07938,0.32752,0.159989,0.04814,85.15937,0.031506,53.593034,22.698114,126211.676007,0.000205,0.000274,0.667085,1365.722812,0.089243,0.411911,0.211382,0.036235,87.125995,0.027068,60.125275,19.396525,100979.675066,0.000305,0.000184,0.654362,1500.822254,0.087866,0.39922,0.194218,0.040232,86.800578,0.028471,58.697566,22.677739,103817.125723,0.000266,0.000205,0.681753,1292.828648,0.091061,0.431317,0.209773,0.033999,84.773762,0.024493,58.704764,18.721411,92937.23427,0.000302,0.000177
53,54,1026,0.557403,26129.222222,0.080397,0.290276,0.051854,0.033457,80.817642,0.019117,46.098758,359.731106,2131662.605598,3.3e-05,0.000424,0.493039,43521.754483,0.080314,0.23012,0.031882,0.0372,76.673103,0.016814,37.846559,604.37702,3593351.045517,2.7e-05,0.001141,0.548718,20213.530899,0.074233,0.284283,0.094597,0.049451,82.08661,0.029861,44.548896,279.4032,1546177.255618,2.4e-05,0.000144,0.5655,15860.853101,0.075774,0.300516,0.122664,0.048931,82.880667,0.031341,47.94657,216.758459,1202561.24193,2.5e-05,8.1e-05,0.631476,12694.767842,0.081088,0.370411,0.162635,0.046972,85.67487,0.034954,54.372244,182.730976,916134.087503,3.3e-05,5e-05,0.546488,12773.738456,0.077123,0.284387,0.1261,0.044354,84.658442,0.027665,46.946693,172.099322,987830.213253,2.8e-05,7.3e-05,0.639751,11176.787435,0.082427,0.379955,0.169522,0.045133,84.775916,0.03262,54.668016,159.832001,819056.490052,3.7e-05,4.7e-05,0.608891,11866.504391,0.082971,0.346606,0.161855,0.04113,87.612788,0.028491,54.577847,170.319034,861097.12843,3.6e-05,5e-05,0.688887,10852.689582,0.085714,0.438686,0.188008,0.043654,85.553744,0.033879,60.228412,155.3024,791625.489251,4.5e-05,3.9e-05
54,55,1027,0.608533,29306.479051,0.078154,0.344829,0.092281,0.029936,92.810844,0.019161,56.859532,507.706248,1899625.413124,2.9e-05,0.000108,0.60268,34536.879418,0.078287,0.337903,0.082054,0.025355,96.198198,0.015459,59.091729,546.159861,2409715.367983,2.8e-05,0.000136,0.676277,16668.788049,0.090763,0.422842,0.172967,0.042001,85.952129,0.032386,59.069816,230.775748,1265111.956256,3.3e-05,3e-05,0.6467,17562.890504,0.090584,0.388006,0.16896,0.043051,84.918216,0.031862,56.00534,243.274538,1325364.083474,2.8e-05,3.1e-05,0.680516,17888.757106,0.089781,0.428501,0.165465,0.041864,88.55056,0.032253,60.714982,259.965493,1307728.956761,3.5e-05,3.4e-05,0.654397,19079.263713,0.092279,0.397343,0.165157,0.038235,90.396435,0.027703,61.49057,275.301971,1391503.621561,3.2e-05,3.3e-05,0.672864,20790.855175,0.092983,0.418983,0.157314,0.04481,84.107305,0.033694,57.014241,297.875558,1533256.01867,2.9e-05,3.9e-05,0.694006,18712.615333,0.094069,0.44525,0.168814,0.043323,83.604694,0.034808,58.897425,262.262149,1408093.323877,3.4e-05,3.3e-05,0.718279,21226.951404,0.09563,0.477281,0.158336,0.034735,90.898668,0.027441,66.621708,312.254778,1529029.535817,4e-05,3.9e-05
55,56,1028,0.574304,3103.66611,0.088051,0.308429,0.149352,0.053498,71.402894,0.034319,41.995929,474.995468,39535.496939,6.3e-05,6.7e-05,0.560758,3720.945841,0.092253,0.296211,0.128896,0.051465,68.020632,0.034524,38.833783,568.906529,51915.744036,6.2e-05,9.6e-05,0.652544,4783.900524,0.082223,0.394134,0.191703,0.049084,82.006108,0.03641,54.95161,62.699065,375761.833333,6.9e-05,5.8e-05,0.624944,4137.59322,0.080584,0.36458,0.192423,0.0443,82.707953,0.031094,53.176758,55.682667,315535.298131,6.5e-05,5.2e-05,0.672233,4780.703146,0.084597,0.41834,0.189108,0.043375,87.993797,0.034317,60.369332,68.551862,347027.035888,8.8e-05,6.5e-05,0.627073,4105.064679,0.082069,0.365137,0.198964,0.040092,89.080638,0.029373,58.325498,57.2571,300886.256195,7.8e-05,5e-05,0.682621,5051.615317,0.086187,0.431393,0.18899,0.045888,81.688358,0.036075,55.709176,70.45124,379016.995573,8e-05,6.8e-05,0.685151,4545.803466,0.085438,0.433883,0.198174,0.042712,84.93153,0.034725,58.134982,63.216801,340236.558749,8.5e-05,5.8e-05,0.710927,5576.909298,0.087521,0.467381,0.183829,0.03725,90.421604,0.029798,66.143917,83.258453,395248.193254,0.000112,8e-05
56,57,1029,0.58207,6905.20318,0.07448,0.315736,0.090953,0.057537,88.634276,0.03468,50.89892,101.406234,506800.374558,0.000112,0.000678,0.515671,9876.126866,0.072139,0.25534,0.064661,0.066577,81.878109,0.041984,38.528404,144.926719,725854.997512,7.2e-05,0.001361,0.558779,4542.58169,0.077421,0.29316,0.113946,0.044936,86.150704,0.027039,48.890198,64.09597,340777.58169,0.000108,0.00038,0.562673,3642.762752,0.078516,0.29861,0.135291,0.049684,81.928826,0.029975,47.036455,49.699045,280006.264531,0.000111,0.000258,0.645509,2760.666368,0.085256,0.386,0.178829,0.041156,86.279821,0.031057,56.612741,39.998724,200303.566816,0.000146,0.000143,0.551795,2873.885157,0.077458,0.289605,0.147917,0.048934,80.684724,0.031888,45.376834,39.726413,217839.062839,9.8e-05,0.000189,0.638331,2558.564057,0.086256,0.377914,0.179898,0.039102,87.004448,0.026694,57.547917,35.896121,193215.736655,0.000184,0.000151,0.634785,2363.528302,0.083029,0.374138,0.18662,0.038472,85.973413,0.028935,55.464629,33.071888,177057.460549,0.000151,0.000128,0.693753,2833.342569,0.08489,0.444939,0.19108,0.049041,83.472712,0.041766,57.773966,40.670075,207949.65827,0.00016,0.000139
