,Num,Dnum,ROISRE,ROILRE,ROIGLN,ROIRLN,ROIRP,ROILGRE,ROIHGRE,ROISRLGE,ROISRHGE,ROILRLGE,ROILRHGE,ROIGLV,ROIRLV,LLLSRE,LLLLRE,LLLGLN,LLLRLN,LLLRP,LLLLGRE,LLLHGRE,LLLSRLGE,LLLSRHGE,LLLLRLGE,LLLLRHGE,LLLGLV,LLLRLV,LLHSRE,LLHLRE,LLHGLN,LLHRLN,LLHRP,LLHLGRE,LLHHGRE,LLHSRLGE,LLHSRHGE,LLHLRLGE,LLHLRHGE,LLHGLV,LLHRLV,LHLSRE,LHLLRE,LHLGLN,LHLRLN,LHLRP,LHLLGRE,LHLHGRE,LHLSRLGE,LHLSRHGE,LHLLRLGE,LHLLRHGE,LHLGLV,LHLRLV,LHHSRE,LHHLRE,LHHGLN,LHHRLN,LHHRP,LHHLGRE,LHHHGRE,LHHSRLGE,LHHSRHGE,LHHLRLGE,LHHLRHGE,LHHGLV,LHHRLV,HLLSRE,HLLLRE,HLLGLN,HLLRLN,HLLRP,HLLLGRE,HLLHGRE,HLLSRLGE,HLLSRHGE,HLLLRLGE,HLLLRHGE,HLLGLV,HLLRLV,HLHSRE,HLHLRE,HLHGLN,HLHRLN,HLHRP,HLHLGRE,HLHHGRE,HLHSRLGE,HLHSRHGE,HLHLRLGE,HLHLRHGE,HLHGLV,HLHRLV,HHLSRE,HHLLRE,HHLGLN,HHLRLN,HHLRP,HHLLGRE,HHLHGRE,HHLSRLGE,HHLSRHGE,HHLLRLGE,HHLLRHGE,HHLGLV,HHLRLV,HHHSRE,HHHLRE,HHHGLN,HHHRLN,HHHRP,HHHLGRE,HHHHGRE,HHHSRLGE,HHHSRHGE,HHHLRLGE,HHHLRHGE,HHHGLV,HHHRLV
0,1,1,0.833401,2.122845,0.115925,0.648961,0.772421,0.022101,76.882333,0.018949,65.696602,0.042679,151.328929,0.034222,0.000558,0.809815,2.46525,0.107175,0.610415,0.735252,0.024635,74.510599,0.020674,62.186313,0.053419,168.802219,0.023961,0.000409,0.867298,1.797781,0.126408,0.708181,0.820657,0.023437,80.63787,0.021274,70.059468,0.036113,144.024134,0.036226,0.000495,0.88121,1.723763,0.126257,0.73446,0.835032,0.028416,80.977168,0.026399,71.548747,0.039942,138.464434,0.048957,0.000667,0.894738,1.589263,0.119143,0.760254,0.856266,0.023121,79.291783,0.021323,71.428152,0.032743,123.536265,0.050586,0.000724,0.890504,1.633372,0.130864,0.75207,0.84948,0.02486,76.743466,0.022985,68.602411,0.035352,123.607071,0.056481,0.000799,0.912444,1.448099,0.119327,0.795535,0.882233,0.026321,75.910937,0.024739,69.633223,0.034147,107.867302,0.060701,0.000864,0.908929,1.493745,0.124305,0.788654,0.875189,0.023697,79.657751,0.022307,72.608362,0.031108,117.956687,0.046781,0.00063,0.923294,1.375366,0.117317,0.818004,0.897556,0.021942,79.324956,0.020715,73.549024,0.027861,107.478983,0.065472,0.000873
1,2,3,0.801449,2.62772,0.115287,0.597213,0.722443,0.022991,75.375575,0.018704,62.349919,0.059214,172.206608,0.018459,0.000325,0.756815,3.531899,0.117849,0.530467,0.653858,0.018733,81.583333,0.014219,64.241245,0.067959,242.978381,0.011676,0.000202,0.86018,1.897603,0.125506,0.695533,0.807535,0.024404,78.338698,0.021966,67.538161,0.039061,147.544815,0.02507,0.000363,0.853722,2.013334,0.142112,0.684296,0.794273,0.024203,78.127765,0.021871,66.954823,0.039515,155.428166,0.022861,0.000345,0.875053,1.75989,0.140474,0.722777,0.8279,0.02154,77.032407,0.019584,67.785454,0.033125,133.0072,0.034702,0.000516,0.871913,1.807975,0.129618,0.717014,0.822253,0.023609,78.128367,0.021472,68.375663,0.036488,139.355637,0.028211,0.000408,0.889512,1.631946,0.129249,0.750103,0.84886,0.022543,77.757494,0.020772,69.524584,0.032401,124.562035,0.031218,0.00045,0.892924,1.616818,0.127258,0.75682,0.852585,0.022167,77.823105,0.020447,69.853212,0.031851,123.5204,0.028869,0.000416,0.90088,1.534168,0.124249,0.772254,0.865756,0.022645,77.886405,0.021073,70.50265,0.030943,117.456563,0.039921,0.000562
2,3,4,0.869346,1.746019,0.122243,0.711779,0.825979,0.026146,80.323673,0.023779,69.789254,0.038965,140.171962,0.046329,0.000636,0.841225,2.023281,0.120078,0.66214,0.785511,0.024742,79.256797,0.022085,66.470808,0.041098,161.143497,0.036997,0.000533,0.884344,1.631458,0.124507,0.739819,0.845708,0.024595,78.293825,0.022583,69.337018,0.035148,127.047502,0.054508,0.000749,0.892955,1.593707,0.123823,0.75656,0.855165,0.022036,77.30197,0.020266,69.33005,0.031803,121.016896,0.047581,0.000676,0.907132,1.497894,0.124089,0.784949,0.873397,0.022182,77.949521,0.020633,71.018726,0.030205,115.144475,0.044971,0.000626,0.903163,1.537248,0.121114,0.77695,0.867256,0.023328,78.693817,0.021771,71.231989,0.031794,119.978567,0.044399,0.000605,0.916871,1.427681,0.120051,0.804795,0.88734,0.024316,77.915032,0.022915,71.79376,0.031353,109.291358,0.06453,0.000878,0.912958,1.465401,0.118883,0.796765,0.881077,0.02314,78.619196,0.021711,72.126251,0.030652,113.246102,0.04424,0.000607,0.919599,1.39953,0.117271,0.810261,0.892381,0.022418,78.078203,0.021092,72.190967,0.0289,107.226658,0.062571,0.000863
3,4,5,0.78677,2.593085,0.132398,0.574764,0.716206,0.020574,73.618571,0.016281,60.24357,0.052677,169.705942,0.018511,0.000356,0.73473,3.461759,0.130262,0.500509,0.644995,0.018458,79.381233,0.013452,61.878308,0.065544,233.480481,0.014645,0.000288,0.855402,1.912842,0.132853,0.686935,0.802789,0.02373,78.983783,0.021414,67.813489,0.037714,149.315677,0.027882,0.000409,0.845377,2.060965,0.154616,0.669505,0.785816,0.021625,77.900474,0.019252,66.131792,0.03719,158.737502,0.020981,0.000324,0.873966,1.757526,0.145983,0.720697,0.827299,0.022009,76.650522,0.02001,67.352156,0.033694,132.191658,0.04258,0.000635,0.879387,1.753473,0.127767,0.731041,0.831691,0.022955,78.370988,0.020952,69.305623,0.034989,134.714688,0.030129,0.000436,0.894227,1.585468,0.126981,0.759121,0.856511,0.022705,77.266205,0.02102,69.38258,0.031809,120.719126,0.043844,0.000625,0.893459,1.619138,0.12606,0.75791,0.852796,0.021702,78.119231,0.020002,70.124798,0.031338,124.450247,0.039535,0.000562,0.902354,1.52915,0.124523,0.775278,0.867145,0.022873,77.825078,0.021336,70.543198,0.031029,117.220162,0.049457,0.00069
4,5,6,0.792261,2.543439,0.110674,0.583068,0.722428,0.02247,85.675295,0.01897,66.167645,0.046358,236.48649,0.021917,0.000295,0.762726,3.100841,0.104258,0.539256,0.676332,0.020866,92.970171,0.017199,68.164204,0.049685,324.893842,0.014865,0.000198,0.862447,1.81744,0.123464,0.699316,0.815616,0.023027,77.910871,0.020616,67.549759,0.036836,139.082734,0.02772,0.000411,0.869504,1.791787,0.131968,0.712326,0.822185,0.020718,77.513551,0.018616,67.708996,0.033149,136.780185,0.026524,0.000391,0.897874,1.548464,0.122185,0.766166,0.862543,0.022007,77.946973,0.020354,70.309199,0.03069,118.759008,0.043,0.000605,0.873045,1.786005,0.128376,0.719002,0.824996,0.022672,77.92147,0.020555,68.400614,0.035342,136.60961,0.024518,0.000358,0.892141,1.59721,0.12854,0.75505,0.853897,0.021928,77.773649,0.020216,69.702314,0.031188,122.320395,0.044281,0.00063,0.899597,1.565832,0.120418,0.769897,0.862012,0.022125,78.280689,0.020511,70.704015,0.031066,120.824444,0.024979,0.000351,0.904767,1.50042,0.121658,0.779928,0.871788,0.022033,78.043997,0.020523,70.938818,0.029829,115.190187,0.048708,0.000677
5,6,7,0.819614,2.259189,0.131532,0.626133,0.756397,0.019633,76.877823,0.016349,64.43549,0.042698,159.545655,0.020275,0.000343,0.783537,2.802909,0.129371,0.569829,0.703448,0.0198,76.99318,0.015869,61.992259,0.052962,194.035893,0.016439,0.00029,0.864506,1.79216,0.129272,0.703,0.81902,0.023511,78.430082,0.021142,68.011134,0.036664,139.285,0.038303,0.00055,0.876767,1.739695,0.128279,0.725806,0.831518,0.023212,78.108845,0.021178,68.577392,0.034878,135.319207,0.028718,0.000408,0.900173,1.532374,0.122283,0.77071,0.865674,0.021641,77.946984,0.020014,70.505758,0.030151,117.335664,0.043149,0.000608,0.870137,1.821294,0.135886,0.713638,0.820567,0.021409,77.697047,0.01932,67.836136,0.034173,139.846359,0.016831,0.000247,0.889858,1.613645,0.134776,0.750627,0.850827,0.021499,77.574566,0.019771,69.372801,0.030919,123.061541,0.041671,0.000601,0.897237,1.586602,0.125246,0.765247,0.858494,0.022533,78.27782,0.02085,70.61216,0.031953,121.810971,0.036367,0.000515,0.900738,1.530163,0.127823,0.771917,0.866048,0.021793,77.924432,0.020232,70.501024,0.029952,117.468616,0.050402,0.000709
6,7,8,0.79728,2.482059,0.109619,0.590863,0.729601,0.021806,79.031766,0.017889,63.152599,0.049789,192.994016,0.016837,0.000261,0.753898,3.161469,0.109726,0.527181,0.670072,0.021807,79.533143,0.016938,60.188078,0.063436,243.967685,0.013062,0.000215,0.867568,1.775064,0.120837,0.708596,0.822417,0.023271,78.528063,0.020957,68.337674,0.036228,137.992351,0.026461,0.000379,0.876581,1.750576,0.124491,0.725525,0.830426,0.022709,77.98337,0.02062,68.680376,0.034949,134.345778,0.027442,0.000395,0.896409,1.563027,0.1212,0.763344,0.860082,0.022404,78.049071,0.020721,70.289421,0.031333,120.034423,0.042438,0.000597,0.883835,1.708502,0.120692,0.739357,0.838767,0.023246,78.056744,0.021274,69.296945,0.034875,131.250799,0.021379,0.000306,0.894239,1.581172,0.122956,0.759116,0.856887,0.021849,77.910434,0.020128,70.028207,0.03107,121.037926,0.03863,0.000549,0.89907,1.582099,0.119573,0.768934,0.860307,0.022171,78.101314,0.020519,70.508986,0.031514,121.748083,0.019882,0.000282,0.905348,1.501187,0.119868,0.781166,0.872047,0.022179,78.128879,0.020668,71.039479,0.030018,115.509347,0.048158,0.000667
7,8,9,0.867164,1.738301,0.107013,0.707644,0.825497,0.021978,78.573725,0.019431,68.055135,0.035788,137.307359,0.036069,0.000499,0.840558,1.980772,0.106941,0.660884,0.789145,0.021377,79.813956,0.018324,67.013058,0.039602,158.525822,0.025918,0.000369,0.892031,1.56546,0.111439,0.754424,0.857388,0.022376,78.924412,0.020407,70.681428,0.032416,121.905457,0.049599,0.000676,0.898396,1.554529,0.11331,0.767263,0.862478,0.023058,78.366723,0.02127,70.626577,0.032605,120.554483,0.025166,0.000351,0.907221,1.478804,0.115862,0.784755,0.875804,0.022055,78.179661,0.02051,71.252899,0.029875,113.755441,0.05289,0.000727,0.891813,1.609895,0.120147,0.754448,0.852725,0.023562,78.417208,0.021709,70.125894,0.03358,125.258304,0.042652,0.000586,0.908169,1.474518,0.118029,0.786693,0.8769,0.022701,78.361688,0.02121,71.449239,0.030277,113.909017,0.048174,0.000661,0.909822,1.47883,0.115132,0.790279,0.877487,0.022782,78.326802,0.02128,71.515236,0.030633,114.432967,0.038524,0.000529,0.912555,1.446659,0.116758,0.79573,0.882523,0.023274,77.991936,0.021856,71.455044,0.030372,111.279824,0.054142,0.00074
8,9,10,0.811896,2.340302,0.133475,0.613657,0.746023,0.017188,79.136263,0.01364,66.959028,0.043535,160.352453,0.022944,0.000394,0.789077,2.670117,0.127425,0.578196,0.713406,0.019422,73.699264,0.014749,61.202924,0.05827,164.900253,0.018134,0.000343,0.863279,1.828484,0.124106,0.700921,0.814996,0.025129,79.456015,0.022858,68.614667,0.038217,145.062926,0.025545,0.000362,0.88138,1.717662,0.126319,0.734665,0.836078,0.023558,78.892115,0.021621,69.661776,0.034768,134.584583,0.030926,0.000432,0.895106,1.57372,0.12606,0.760786,0.858237,0.022125,77.396995,0.020443,69.607147,0.031127,119.750795,0.036035,0.000518,0.877349,1.760831,0.129064,0.727104,0.829926,0.023365,78.396225,0.021404,68.946472,0.034967,137.088092,0.028893,0.00041,0.886437,1.648347,0.133853,0.744101,0.845404,0.020911,77.057633,0.019131,68.694013,0.030867,124.523777,0.044626,0.000651,0.892963,1.61818,0.12889,0.756922,0.852476,0.021373,77.623091,0.019708,69.648262,0.03083,123.477001,0.03389,0.000487,0.893944,1.588657,0.135313,0.758679,0.855666,0.020701,77.169182,0.019075,69.315981,0.029552,120.622031,0.051742,0.000743
9,10,11,0.784285,2.756043,0.111463,0.571017,0.706692,0.019835,80.126734,0.015548,63.75215,0.05801,206.443389,0.010708,0.00017,0.738097,3.52447,0.111669,0.505187,0.64529,0.019739,80.270802,0.014521,59.974039,0.073818,267.963234,0.009831,0.000169,0.864843,1.815473,0.122215,0.703738,0.817211,0.023599,78.385407,0.021264,67.938247,0.036976,141.338747,0.024732,0.000357,0.870634,1.82561,0.126981,0.714654,0.82019,0.02207,78.029063,0.019979,68.194293,0.034893,140.600844,0.016377,0.00024,0.89203,1.609989,0.123752,0.754951,0.852604,0.022124,78.095652,0.0204,70.029318,0.031618,123.441234,0.035219,0.000504,0.876426,1.778193,0.12306,0.725427,0.827922,0.023158,78.287664,0.021119,68.873898,0.035497,137.470409,0.018423,0.000266,0.894043,1.592743,0.123435,0.758843,0.855603,0.022449,77.997473,0.020742,70.102053,0.031742,121.943756,0.038775,0.00055,0.890641,1.655588,0.124452,0.752566,0.847561,0.022328,77.944512,0.020564,69.793547,0.032638,126.550688,0.026346,0.000379,0.901206,1.53774,0.122553,0.772971,0.865599,0.022094,78.098289,0.020527,70.741146,0.030437,117.936982,0.033239,0.000469
10,11,12,0.784523,2.635113,0.112355,0.571357,0.712432,0.021206,78.587781,0.017364,61.711444,0.049854,206.511532,0.021396,0.000333,0.748633,3.25639,0.110458,0.51944,0.660957,0.022531,78.342083,0.017893,58.502688,0.063308,255.564776,0.013344,0.000224,0.851265,1.929015,0.128955,0.679519,0.799312,0.023306,77.846844,0.020752,66.558153,0.03864,148.01357,0.030708,0.000455,0.843298,2.09465,0.147355,0.665939,0.782256,0.021686,78.344558,0.019285,66.315205,0.037753,162.294825,0.02759,0.00042,0.876001,1.730055,0.138355,0.724396,0.831091,0.021921,77.142637,0.019993,67.951644,0.033007,131.031595,0.044696,0.000662,0.870608,1.843861,0.13229,0.714738,0.818576,0.022367,77.437001,0.020263,67.718082,0.035562,140.591528,0.025003,0.000367,0.883503,1.673357,0.134752,0.738518,0.841213,0.021918,77.318019,0.020092,68.662296,0.032199,127.13294,0.031743,0.000466,0.879618,1.746884,0.137491,0.731529,0.832046,0.021816,77.307839,0.019917,68.422578,0.033279,132.222266,0.029753,0.00044,0.888622,1.630294,0.136299,0.748347,0.848275,0.021295,76.947503,0.019567,68.758672,0.030889,123.05644,0.05114,0.000741
11,12,14,0.803224,2.675188,0.136242,0.600104,0.718819,0.03542,65.365015,0.028282,55.105371,0.089096,150.380385,0.020987,0.000452,0.762765,3.920952,0.128249,0.539106,0.63928,0.034375,72.277527,0.025424,58.807177,0.118409,232.33032,0.01215,0.000251,0.861859,1.88856,0.151716,0.698716,0.808433,0.023548,79.375456,0.021452,68.818283,0.036566,146.850201,0.04007,0.000596,0.842595,2.232721,0.155414,0.665266,0.771365,0.020428,78.401092,0.017982,66.912413,0.039264,165.534394,0.027869,0.000444,0.873256,1.777968,0.156419,0.719488,0.825016,0.022006,76.274425,0.020075,66.909485,0.033543,133.683248,0.050229,0.000753,0.843332,2.098798,0.164065,0.666109,0.780881,0.021268,76.524078,0.018921,65.048141,0.03744,156.231156,0.033088,0.000542,0.892294,1.59868,0.137608,0.755411,0.853709,0.021645,78.35901,0.01998,70.292305,0.030665,123.083204,0.053475,0.000755,0.884231,1.668184,0.140407,0.739991,0.841799,0.022318,77.535431,0.020563,68.958697,0.03227,126.769994,0.052093,0.000759,0.900079,1.538537,0.12946,0.770665,0.86473,0.021113,77.886736,0.019541,70.448163,0.029403,117.907911,0.050796,0.000718
12,13,15,0.865476,1.783621,0.111783,0.704804,0.819814,0.027991,70.714834,0.024819,61.973676,0.045843,121.15575,0.035535,0.000569,0.82158,2.243104,0.114689,0.629315,0.758136,0.022896,77.133072,0.019307,64.181831,0.046197,167.100856,0.026887,0.000412,0.904133,1.49747,0.121879,0.778605,0.871577,0.023514,78.510328,0.021904,71.265025,0.031692,115.943374,0.056805,0.000764,0.874316,1.757831,0.138475,0.721339,0.827695,0.025028,79.032646,0.023087,69.347362,0.036547,137.091716,0.041218,0.0006,0.89263,1.592245,0.13978,0.756066,0.854425,0.022733,76.785484,0.020977,68.861524,0.032183,120.311127,0.060097,0.000864,0.876637,1.71467,0.146955,0.725491,0.832995,0.019246,78.654083,0.01738,69.389161,0.02989,131.933358,0.044215,0.000644,0.911429,1.447895,0.122318,0.793267,0.881857,0.022414,77.111574,0.021017,70.494951,0.029378,110.447244,0.050128,0.000694,0.905907,1.490847,0.124668,0.782184,0.873557,0.023979,77.106385,0.022425,70.13182,0.031893,113.454886,0.05628,0.000785,0.916806,1.41516,0.117681,0.80444,0.888759,0.02266,77.286977,0.021333,71.083184,0.029188,108.246123,0.063084,0.000863
13,14,16,0.841808,1.974286,0.111347,0.663019,0.789975,0.030676,75.99014,0.02633,63.847546,0.055234,151.339601,0.031333,0.000451,0.821896,2.196791,0.112143,0.62983,0.761694,0.028269,78.403625,0.024221,63.961834,0.052994,176.918408,0.027939,0.000406,0.899867,1.527359,0.119754,0.770072,0.865833,0.021238,78.303518,0.019592,70.650995,0.029692,118.607632,0.053935,0.000741,0.899507,1.547493,0.124149,0.769585,0.863447,0.021229,76.655746,0.019585,69.285755,0.030016,116.734688,0.048262,0.000686,0.909156,1.466288,0.121754,0.788767,0.878158,0.022425,77.632655,0.020985,70.793813,0.029691,112.625677,0.063974,0.000879,0.90058,1.524051,0.124363,0.771481,0.866704,0.021851,77.916346,0.020269,70.343172,0.03001,117.788055,0.044257,0.00062,0.910066,1.460114,0.122398,0.790571,0.87954,0.021316,78.689237,0.019901,71.884899,0.028448,113.341166,0.06515,0.000887,0.899989,1.537096,0.129354,0.770446,0.86486,0.021827,78.397922,0.020261,70.788716,0.030041,119.194052,0.067039,0.00092,0.903344,1.506696,0.13062,0.777042,0.870177,0.020007,77.391401,0.018472,70.3049,0.027919,114.446948,0.066655,0.00094
14,15,17,0.860526,1.808514,0.129553,0.695766,0.815014,0.020617,71.887619,0.017841,63.062278,0.036709,121.550898,0.034782,0.000605,0.83672,2.03617,0.131983,0.654399,0.782001,0.021258,70.877585,0.017789,61.129229,0.043255,130.476328,0.029296,0.000541,0.895926,1.554939,0.130764,0.762293,0.86051,0.022158,77.151812,0.020473,69.352069,0.030953,118.751428,0.058275,0.000811,0.892015,1.579458,0.13218,0.754557,0.855833,0.021935,76.589684,0.020193,68.637645,0.031138,118.960041,0.051227,0.000727,0.903331,1.511655,0.126302,0.777079,0.869649,0.022132,77.903151,0.020595,70.598281,0.030094,116.476601,0.057499,0.000793,0.898651,1.53923,0.126922,0.767677,0.863918,0.021792,77.499005,0.020147,69.922337,0.030329,117.778496,0.045502,0.000633,0.911721,1.44315,0.118781,0.793857,0.882466,0.021184,79.16721,0.019801,72.467814,0.028018,112.737678,0.064443,0.000862,0.906122,1.484492,0.126325,0.782536,0.874451,0.020124,77.486217,0.018665,70.365533,0.027539,114.206266,0.051671,0.000712,0.904179,1.496424,0.127204,0.778629,0.871898,0.020258,77.258013,0.018721,70.252203,0.028138,113.341726,0.050483,0.000714
15,16,18,0.848667,1.901729,0.108949,0.674815,0.800094,0.021761,78.449309,0.018831,66.387878,0.039095,150.900494,0.032529,0.00045,0.815344,2.25244,0.109719,0.619214,0.754281,0.02182,77.625317,0.018086,62.82699,0.046763,179.10695,0.026946,0.000395,0.890057,1.615498,0.12744,0.751021,0.850869,0.02125,77.79775,0.019493,69.5581,0.030842,123.721714,0.033611,0.000479,0.892515,1.575509,0.118386,0.75552,0.856565,0.021403,77.978132,0.019593,69.941142,0.030918,120.734574,0.040928,0.00058,0.900015,1.533892,0.126916,0.770447,0.865272,0.021769,77.17368,0.020169,69.750526,0.030127,116.66722,0.049652,0.000703,0.893954,1.580354,0.11918,0.758501,0.856903,0.022286,78.21693,0.020487,70.32429,0.031878,121.234794,0.041468,0.000584,0.904528,1.507197,0.121631,0.779519,0.870912,0.022005,78.172079,0.020481,70.996725,0.029965,116.132555,0.043861,0.00061,0.904853,1.502409,0.120039,0.780119,0.871676,0.02218,78.372055,0.020627,71.225861,0.030194,116.016877,0.043437,0.000602,0.908011,1.474495,0.121405,0.786413,0.876653,0.0218,77.888023,0.020353,71.005862,0.029147,113.254161,0.048948,0.000681
16,17,19,0.835769,2.056406,0.112636,0.652812,0.780228,0.030617,66.820407,0.026475,56.636716,0.056364,130.262783,0.020896,0.000414,0.811252,2.337558,0.116834,0.612648,0.746013,0.025566,69.807594,0.021316,57.640836,0.055248,152.675982,0.018108,0.000359,0.893043,1.588883,0.12276,0.756778,0.855324,0.023241,77.867156,0.021441,69.778082,0.032841,122.264258,0.047826,0.000668,0.89098,1.612203,0.126045,0.752843,0.851768,0.022216,78.169586,0.020447,70.1015,0.031903,123.321849,0.039313,0.00056,0.902467,1.514319,0.123706,0.775297,0.868866,0.0226,78.739604,0.021074,71.360865,0.030482,117.549561,0.036993,0.000516,0.889573,1.608699,0.125531,0.749977,0.851245,0.023259,77.358867,0.021408,69.267108,0.033167,121.787523,0.047153,0.000679,0.901137,1.530044,0.125986,0.772697,0.866477,0.02157,78.105256,0.02002,70.669298,0.02973,117.799031,0.037272,0.000525,0.892535,1.58969,0.132837,0.755783,0.854846,0.020936,78.125579,0.019285,69.960252,0.029804,122.747564,0.046463,0.000656,0.88908,1.610114,0.140564,0.749045,0.850632,0.019427,76.863729,0.017719,68.713648,0.028667,121.577947,0.04791,0.000694
17,18,20,0.900343,1.475812,0.097759,0.770293,0.872258,0.035485,66.133404,0.032676,59.846396,0.048942,95.427557,0.046144,0.000778,0.90194,1.474537,0.091857,0.773587,0.873285,0.034679,78.209261,0.032043,70.465011,0.04769,114.6552,0.053485,0.000729,0.930044,1.334742,0.105473,0.832362,0.906764,0.028384,79.387881,0.027138,73.973981,0.034233,105.369354,0.08385,0.001086,0.925696,1.350534,0.115996,0.822813,0.902221,0.022569,80.51963,0.021383,74.910893,0.028154,106.771317,0.078275,0.001013,0.933601,1.307268,0.108075,0.83984,0.912558,0.025151,73.083047,0.023855,68.510294,0.031194,94.061462,0.081361,0.001141,0.912869,1.424996,0.118016,0.796004,0.885347,0.024661,76.342703,0.023067,70.076058,0.032252,106.87379,0.07206,0.000998,0.928924,1.325643,0.114443,0.82953,0.907411,0.02301,80.231796,0.021871,74.716589,0.02814,105.537386,0.079054,0.001009,0.928666,1.347958,0.114944,0.829556,0.904216,0.027939,76.753222,0.026714,71.640854,0.033846,101.492075,0.062801,0.000867,0.942402,1.257644,0.099846,0.859242,0.924433,0.028916,86.269173,0.02806,81.516498,0.032707,107.489294,0.091746,0.001054
18,19,21,0.851169,1.953014,0.134041,0.679516,0.796484,0.023718,68.461348,0.020672,59.7594,0.043056,123.025068,0.029187,0.000555,0.798821,2.643471,0.137434,0.593085,0.717848,0.018985,76.305161,0.015302,63.557527,0.048759,178.025928,0.027024,0.000488,0.880569,1.700575,0.137428,0.73308,0.836444,0.027545,79.131343,0.025585,70.045362,0.038509,132.12494,0.051461,0.000736,0.857928,1.947006,0.143714,0.691784,0.801135,0.022281,80.69517,0.020118,70.013125,0.036389,150.930544,0.045589,0.00067,0.895822,1.583309,0.132505,0.762429,0.857434,0.023657,76.069292,0.022,68.330536,0.032665,119.355079,0.056919,0.00082,0.890415,1.621321,0.131071,0.751834,0.850371,0.021596,78.208809,0.019862,70.056711,0.031196,124.386354,0.050252,0.000712,0.911526,1.461148,0.124162,0.793635,0.880518,0.022096,77.871315,0.020735,71.175245,0.029058,112.758363,0.057434,0.000792,0.906842,1.493033,0.127664,0.784246,0.873767,0.02247,76.660047,0.02094,69.781756,0.030373,112.87192,0.057401,0.000808,0.916331,1.413185,0.11848,0.803375,0.888689,0.02394,77.577445,0.022572,71.372695,0.030593,107.993921,0.062854,0.000868
19,20,22,0.847909,1.910919,0.114525,0.673506,0.798805,0.020967,78.673305,0.018022,67.545849,0.038862,143.671904,0.03282,0.000473,0.813658,2.273009,0.114853,0.616517,0.751942,0.021071,79.155383,0.017432,65.142465,0.046178,172.533197,0.01972,0.000296,0.888357,1.62832,0.125931,0.747757,0.848472,0.022458,77.832462,0.02065,69.289913,0.032319,125.856416,0.039902,0.000557,0.881805,1.678556,0.125242,0.735221,0.839698,0.023,78.26872,0.02109,69.140998,0.033603,130.639931,0.035826,0.000502,0.902475,1.513847,0.121385,0.7753,0.868938,0.021816,77.693807,0.02022,70.439321,0.030054,115.740667,0.043054,0.000607,0.892239,1.596894,0.122121,0.755213,0.85412,0.022639,78.254825,0.02089,70.027846,0.03204,123.730459,0.039046,0.000543,0.901552,1.52267,0.124889,0.773484,0.867453,0.021328,77.584978,0.019742,70.316149,0.029579,116.045069,0.043891,0.000625,0.905165,1.503834,0.119051,0.780784,0.871756,0.022476,78.143924,0.020937,71.050403,0.030469,115.749661,0.035631,0.000498,0.909584,1.461728,0.119733,0.789591,0.878985,0.021607,78.070364,0.020161,71.326192,0.028871,112.391317,0.05499,0.000757
20,21,25,0.809059,2.424333,0.106038,0.609211,0.73987,0.021646,77.25384,0.017617,63.225635,0.054803,173.608631,0.016984,0.000257,0.773206,2.958094,0.109769,0.554525,0.689747,0.019127,80.145509,0.014733,62.378884,0.061167,222.402494,0.015819,0.000242,0.875284,1.755033,0.131886,0.723156,0.828646,0.022378,76.850763,0.02038,67.450258,0.034015,133.845891,0.02843,0.000418,0.876363,1.750714,0.124259,0.725184,0.829833,0.023427,77.832278,0.021356,68.410747,0.035418,134.980314,0.02404,0.000347,0.89323,1.601846,0.127488,0.757307,0.854126,0.021842,77.702767,0.02014,69.793688,0.031201,122.118981,0.036285,0.000522,0.878697,1.743877,0.126196,0.729637,0.832029,0.02338,77.743532,0.021397,68.612259,0.035025,133.672572,0.024355,0.000354,0.888229,1.645652,0.133042,0.747688,0.846642,0.02119,77.595955,0.019448,69.298523,0.031021,125.260291,0.031833,0.000463,0.890933,1.638542,0.127253,0.753028,0.849179,0.022037,77.935816,0.020316,69.806089,0.031877,125.175168,0.026917,0.000388,0.899095,1.557436,0.125882,0.768876,0.862109,0.021604,77.912222,0.020007,70.425997,0.030237,119.060739,0.044167,0.000624
21,22,26,0.840408,2.016767,0.138501,0.660716,0.785554,0.020085,75.198752,0.017344,64.127546,0.037348,144.436403,0.032267,0.000523,0.807888,2.379624,0.130672,0.607351,0.741702,0.022504,71.294485,0.0186,59.11004,0.049872,156.107359,0.025625,0.00047,0.908187,1.475071,0.117881,0.786766,0.876768,0.021745,77.787789,0.020225,70.934072,0.02944,113.093692,0.053733,0.000742,0.868876,1.84034,0.140782,0.711501,0.817261,0.021003,77.963683,0.018922,68.505984,0.034075,137.865518,0.039582,0.000603,0.900808,1.54103,0.128376,0.772197,0.864964,0.022146,77.82507,0.020606,70.323298,0.030343,118.641552,0.050907,0.000712,0.853411,1.959207,0.163271,0.683551,0.797735,0.020705,76.075639,0.018403,65.47186,0.035315,145.232045,0.037074,0.000588,0.91214,1.444816,0.119275,0.79477,0.882572,0.021334,80.307296,0.020011,73.443403,0.027938,114.947811,0.057007,0.000759,0.89015,1.646379,0.137415,0.75153,0.847913,0.02245,77.213057,0.020778,69.045076,0.032104,125.091644,0.03582,0.000518,0.910772,1.462856,0.121435,0.792164,0.87957,0.020795,78.702299,0.019408,72.016079,0.027892,113.206535,0.055624,0.00077
22,23,27,0.841293,1.96881,0.113105,0.66212,0.790337,0.019442,79.855909,0.016441,68.26583,0.037971,148.140705,0.026116,0.000393,0.808829,2.318948,0.112486,0.608848,0.746194,0.019491,80.372933,0.015801,66.34257,0.045255,172.924832,0.022552,0.000347,0.890902,1.601185,0.124497,0.752574,0.85281,0.022288,78.017015,0.020521,69.707421,0.031782,123.691685,0.039432,0.000553,0.888132,1.624502,0.121726,0.747227,0.848892,0.023007,78.111811,0.02115,69.547325,0.033098,125.811794,0.035082,0.000493,0.905052,1.49567,0.120426,0.780457,0.8725,0.021881,78.068071,0.02034,70.987768,0.029764,114.939245,0.039388,0.00055,0.887148,1.637114,0.124767,0.745396,0.84701,0.022198,77.989199,0.020349,69.457991,0.032336,126.051805,0.039062,0.00055,0.903451,1.509747,0.12231,0.777293,0.869969,0.022316,78.103943,0.020768,70.889329,0.030321,116.047841,0.043949,0.000613,0.901404,1.531983,0.12303,0.773293,0.866376,0.021912,78.021511,0.020331,70.648691,0.030274,117.636517,0.039648,0.000558,0.909523,1.464355,0.119247,0.789505,0.878649,0.022585,78.18211,0.021144,71.408449,0.029859,112.818306,0.048743,0.000671
23,24,28,0.846608,1.931436,0.108163,0.671286,0.796163,0.024617,71.122109,0.021138,61.292081,0.0462,128.043752,0.031732,0.000534,0.790212,2.557599,0.10671,0.579978,0.720499,0.022839,73.688083,0.018247,59.735533,0.058196,170.467835,0.021615,0.000371,0.906795,1.479629,0.120118,0.783941,0.875237,0.021524,79.676809,0.020041,72.469518,0.029,116.670593,0.056437,0.000755,0.891899,1.618112,0.1305,0.754745,0.851836,0.021977,76.767099,0.020239,68.7503,0.031727,122.185697,0.044474,0.00064,0.913901,1.430487,0.11702,0.79833,0.885307,0.021204,78.564029,0.019817,72.006505,0.028059,111.238779,0.06301,0.000852,0.888716,1.632617,0.138725,0.748555,0.848123,0.019957,77.264363,0.018238,69.030962,0.029544,123.919501,0.052039,0.000755,0.908407,1.469518,0.127769,0.787214,0.877361,0.021139,78.157131,0.019727,71.253699,0.028279,113.505753,0.068167,0.000928,0.895725,1.587159,0.136697,0.76223,0.857219,0.021005,77.364915,0.019374,69.611706,0.030053,120.652006,0.039549,0.000564,0.916877,1.412094,0.121247,0.804504,0.889253,0.02139,78.572232,0.020066,72.347511,0.027888,109.221575,0.065826,0.000892
24,25,30,0.835272,2.080206,0.110117,0.652012,0.778337,0.020612,80.521974,0.017211,68.415316,0.044883,154.085686,0.02548,0.000354,0.80448,2.444999,0.11111,0.601981,0.735718,0.020538,80.484536,0.016477,65.677392,0.053924,181.465436,0.022461,0.00032,0.886515,1.661054,0.12263,0.74434,0.844399,0.023438,77.951021,0.021576,69.24988,0.033801,128.762528,0.032356,0.000456,0.882754,1.681555,0.120485,0.737085,0.840123,0.024095,78.359633,0.022112,69.33948,0.035171,130.673144,0.02929,0.000413,0.897762,1.558204,0.123825,0.766087,0.861347,0.022273,77.988446,0.020624,70.370051,0.031065,119.368894,0.043417,0.000612,0.886377,1.668666,0.121639,0.744111,0.843739,0.02287,78.427285,0.021002,69.794973,0.033459,129.032322,0.027684,0.000392,0.899931,1.550737,0.122878,0.770467,0.863513,0.022974,78.077108,0.021374,70.577977,0.031545,119.148719,0.039405,0.000554,0.899507,1.560237,0.120227,0.769712,0.862271,0.022278,78.329878,0.020655,70.828764,0.031109,119.922893,0.028035,0.000397,0.904229,1.518237,0.121766,0.779066,0.869464,0.022286,78.035648,0.020761,70.892139,0.03038,116.430781,0.036088,0.000507
25,26,32,0.781125,2.814925,0.142404,0.566125,0.700332,0.019318,75.131877,0.015266,60.848472,0.052435,189.459134,0.02114,0.000404,0.729277,4.08497,0.133981,0.492389,0.617903,0.019141,77.632235,0.014143,59.641637,0.074794,273.331851,0.012221,0.000252,0.868981,1.801079,0.149701,0.711504,0.820377,0.020627,77.113788,0.018665,67.240576,0.032351,137.336218,0.028165,0.000419,0.853745,1.957426,0.15293,0.684098,0.798515,0.021813,77.512929,0.019533,66.608874,0.036307,148.188405,0.02399,0.000375,0.892535,1.585009,0.134589,0.755728,0.855337,0.021122,76.960099,0.019426,69.043034,0.030181,119.906163,0.046007,0.000666,0.859258,1.884221,0.152337,0.6938,0.807806,0.020869,77.422307,0.018718,66.814563,0.034025,143.686945,0.03394,0.000512,0.883773,1.656248,0.142625,0.738937,0.842848,0.021059,76.444226,0.019248,67.907199,0.031076,124.441775,0.052706,0.000774,0.88237,1.685243,0.14362,0.73645,0.83913,0.020802,76.590489,0.019002,67.941934,0.031089,126.829763,0.03599,0.000536,0.893614,1.578406,0.135275,0.757886,0.856517,0.021817,77.400034,0.020174,69.51273,0.0306,120.129699,0.058624,0.000837
26,27,33,0.824552,2.120282,0.10729,0.634108,0.768893,0.024357,81.150276,0.020821,66.951819,0.045982,171.385107,0.028952,0.00039,0.794715,2.464965,0.10264,0.586935,0.728879,0.022806,87.575072,0.019062,69.259151,0.047907,218.313614,0.025347,0.000328,0.890249,1.598288,0.127386,0.751229,0.85272,0.022128,78.319829,0.020357,69.842711,0.031501,124.517506,0.050328,0.000693,0.889705,1.608363,0.120174,0.750234,0.851388,0.024075,78.280015,0.022231,69.62906,0.033995,125.885693,0.035608,0.000488,0.908365,1.475747,0.119414,0.787193,0.876708,0.0213,78.024658,0.019815,71.184687,0.028915,113.37195,0.043355,0.000603,0.893943,1.578205,0.119229,0.758472,0.857047,0.024082,78.427134,0.022323,70.271762,0.033433,122.927172,0.038384,0.000531,0.908331,1.472657,0.120539,0.787069,0.877052,0.021343,78.646624,0.01986,71.795761,0.028867,113.848398,0.039983,0.000554,0.909661,1.466167,0.117389,0.789802,0.878602,0.023144,78.093891,0.021636,71.365304,0.03075,112.76732,0.039018,0.00054,0.911793,1.443338,0.121089,0.794012,0.882507,0.022024,77.535035,0.020591,71.004669,0.029124,110.260796,0.056153,0.000772
27,28,35,0.863203,1.790259,0.113238,0.700586,0.818277,0.035548,55.112134,0.030673,49.085377,0.064908,87.902054,0.02905,0.00065,0.850676,1.891704,0.113365,0.678345,0.801622,0.035652,54.700393,0.029757,48.365586,0.072167,90.457302,0.028059,0.000635,0.890202,1.586694,0.133205,0.751038,0.853769,0.021047,76.39412,0.019282,68.339491,0.030276,119.412658,0.056162,0.000818,0.893613,1.590333,0.129659,0.758041,0.855249,0.021026,79.980885,0.019406,71.989717,0.02984,124.394236,0.057568,0.000796,0.91128,1.448278,0.121603,0.793031,0.881511,0.022863,80.701788,0.021492,73.802213,0.029655,115.679281,0.067101,0.000884,0.877778,1.724005,0.154716,0.727761,0.832892,0.020433,74.455241,0.018465,66.057967,0.031998,123.538207,0.042479,0.000684,0.902121,1.538383,0.139654,0.774961,0.865874,0.021987,76.750581,0.020507,69.402156,0.029981,117.028237,0.062401,0.000878,0.895757,1.554607,0.133648,0.761974,0.860359,0.024954,77.941601,0.023308,70.064966,0.033507,119.673583,0.058891,0.00083,0.906134,1.482275,0.131687,0.782542,0.874641,0.020409,77.098368,0.018943,70.252903,0.027879,112.027346,0.067452,0.000958
28,29,36,0.877236,1.873379,0.090866,0.727518,0.821203,0.045959,57.653496,0.038392,52.219476,0.112418,87.294607,0.013654,0.000274,0.874708,1.868349,0.090254,0.722628,0.819761,0.047472,57.346543,0.03933,51.771846,0.115562,87.616303,0.012704,0.000256,0.901022,1.556638,0.116481,0.772817,0.863573,0.023949,79.109497,0.02236,71.483146,0.032559,121.906489,0.030132,0.000412,0.897239,1.587337,0.117391,0.765345,0.858113,0.024317,78.95794,0.02267,71.065873,0.033402,123.8442,0.034861,0.00048,0.904771,1.513259,0.118535,0.780068,0.870559,0.022873,77.902336,0.021324,70.83397,0.031025,115.768269,0.042141,0.000592,0.901113,1.54614,0.11792,0.772887,0.864665,0.022687,78.590723,0.021041,71.2616,0.03146,119.020742,0.037838,0.000531,0.902779,1.523409,0.121161,0.776048,0.868157,0.022308,78.63017,0.020786,71.147803,0.030324,118.661299,0.044314,0.000605,0.905643,1.513185,0.1189,0.781962,0.870946,0.02339,79.087873,0.02193,71.844339,0.031166,118.245456,0.039828,0.000541,0.899324,1.545153,0.128189,0.769166,0.863645,0.020792,77.340183,0.019182,70.024549,0.029348,116.814477,0.036931,0.000532
29,30,37,0.854325,1.866655,0.121911,0.68478,0.806131,0.023287,72.385194,0.020352,63.038608,0.040564,126.786427,0.032986,0.000557,0.843771,1.955974,0.123983,0.666391,0.79246,0.021198,74.758327,0.018208,64.447686,0.039455,136.199687,0.037474,0.000617,0.904802,1.50225,0.123694,0.780022,0.871623,0.022196,79.444137,0.02069,72.21356,0.029973,117.435668,0.057919,0.000777,0.894766,1.589005,0.132359,0.760409,0.856,0.020673,80.947929,0.019144,72.636906,0.029072,127.248997,0.060594,0.000817,0.902929,1.511475,0.123457,0.776262,0.86934,0.021875,77.653191,0.020319,70.438477,0.029926,115.429611,0.055145,0.000772,0.900667,1.53654,0.128729,0.771881,0.865247,0.021697,77.007973,0.02009,69.799622,0.03018,115.896268,0.055831,0.000804,0.907884,1.474105,0.119478,0.786111,0.876686,0.020764,79.652004,0.019332,72.512068,0.027994,116.325212,0.056568,0.000754,0.893125,1.579099,0.137201,0.75689,0.856178,0.020117,76.316925,0.018466,68.438088,0.028911,118.873513,0.052314,0.000757,0.890507,1.604444,0.140229,0.751856,0.852061,0.020037,76.311361,0.018359,68.306737,0.029215,120.200167,0.047688,0.000693
30,31,38,0.871548,1.709792,0.122465,0.715739,0.83033,0.024662,99.543874,0.02313,85.421901,0.032796,178.184259,0.069864,0.000718,0.866499,1.742961,0.121832,0.706455,0.82433,0.024224,101.657504,0.022683,86.426311,0.032427,187.079951,0.062117,0.000633,0.916244,1.412962,0.116209,0.803167,0.888689,0.023621,79.010028,0.022266,72.576848,0.030163,110.829115,0.074489,0.000986,0.91017,1.468321,0.120965,0.790916,0.8787,0.025576,76.211547,0.02405,69.429179,0.033338,111.533852,0.055504,0.000767,0.919477,1.395266,0.117095,0.809882,0.892908,0.022097,79.855795,0.020774,73.697907,0.028472,109.941774,0.056862,0.000759,0.914184,1.430466,0.118388,0.798956,0.885455,0.022927,78.165478,0.0215,71.771548,0.029959,110.133681,0.062814,0.000863,0.918056,1.407953,0.117898,0.807059,0.890353,0.024336,78.957002,0.023036,72.661825,0.030693,110.288115,0.065007,0.000867,0.915052,1.417396,0.124204,0.800524,0.88776,0.023027,78.944665,0.0217,72.491862,0.029459,110.596168,0.059159,0.000801,0.925015,1.362951,0.114191,0.821618,0.900114,0.021994,75.440022,0.020709,70.10451,0.028131,101.262312,0.0609,0.000854
31,32,39,0.842801,2.040184,0.08978,0.664918,0.785727,0.03512,67.022449,0.028649,57.978866,0.083824,119.377262,0.01815,0.000308,0.83967,2.083804,0.088585,0.659581,0.780685,0.033502,69.314611,0.02714,59.655906,0.08285,126.180605,0.017186,0.000282,0.901318,1.528979,0.120204,0.773094,0.866582,0.023325,78.574823,0.021746,71.031334,0.031562,118.895077,0.04355,0.000597,0.892405,1.598726,0.122595,0.75558,0.853997,0.023644,78.155245,0.02191,69.943999,0.032987,123.783393,0.035694,0.0005,0.90761,1.484161,0.117837,0.785702,0.875338,0.022944,78.269158,0.021433,71.35767,0.030674,114.389093,0.042715,0.000593,0.893588,1.603526,0.121935,0.75803,0.854276,0.022744,77.53348,0.021016,69.597975,0.032218,122.609651,0.038053,0.000543,0.902947,1.512958,0.119636,0.776272,0.869332,0.022041,78.759706,0.020474,71.41828,0.030136,117.380822,0.048379,0.000663,0.901689,1.529228,0.123659,0.773903,0.866686,0.02255,78.023102,0.021029,70.589933,0.030604,117.813873,0.05564,0.000769,0.902373,1.511515,0.125207,0.775042,0.869178,0.021283,77.305286,0.019715,70.158626,0.029353,114.641216,0.049121,0.000697
32,33,1001,0.833656,2.390307,0.104856,0.649899,0.757908,0.021238,75.251701,0.016697,64.621147,0.070418,144.845492,0.012562,0.000187,0.815992,2.603695,0.109476,0.620567,0.73491,0.019016,79.416516,0.014562,66.14432,0.07168,172.125209,0.015946,0.000225,0.865524,1.885587,0.112417,0.705304,0.812492,0.024318,78.47857,0.021878,67.878042,0.03911,148.630043,0.017713,0.000249,0.861541,1.986308,0.123173,0.698395,0.802238,0.024241,78.963691,0.021939,68.188695,0.039446,155.681686,0.019524,0.000284,0.889879,1.637249,0.119545,0.750832,0.848823,0.022678,78.129823,0.020859,69.884846,0.032828,125.644131,0.028858,0.000414,0.867823,1.902681,0.119824,0.709739,0.812508,0.025265,78.728063,0.023013,68.470891,0.039558,148.646695,0.019366,0.000279,0.88905,1.661465,0.119459,0.749436,0.845875,0.022394,78.234787,0.020564,69.993523,0.032903,127.168955,0.028563,0.000412,0.887559,1.71203,0.119581,0.746833,0.840749,0.023438,78.120726,0.021559,69.733619,0.034846,131.00519,0.01889,0.000275,0.901288,1.54968,0.119148,0.773289,0.864421,0.022577,78.494216,0.020992,71.107428,0.031179,119.364607,0.042286,0.00059
33,34,1002,0.833506,2.054353,0.114361,0.64897,0.778855,0.025175,79.975761,0.02217,66.107532,0.043264,168.085413,0.032954,0.000458,0.807317,2.378054,0.112265,0.606419,0.741058,0.024042,80.856066,0.020614,64.373564,0.04742,198.928959,0.023872,0.000343,0.87616,1.703335,0.120078,0.724436,0.83406,0.022997,77.945024,0.020847,68.628729,0.034764,130.620979,0.035873,0.000518,0.885502,1.675237,0.124649,0.742436,0.842568,0.022189,78.086948,0.020304,69.390407,0.032986,129.18467,0.028548,0.000402,0.899643,1.531933,0.119695,0.769641,0.865285,0.023112,78.518083,0.02145,70.955893,0.031755,118.415398,0.047552,0.000659,0.889577,1.630876,0.122246,0.750159,0.849303,0.022212,77.991597,0.020392,69.703599,0.032333,125.341631,0.027904,0.000397,0.901124,1.526763,0.122592,0.77263,0.866802,0.021139,78.004148,0.019558,70.611572,0.029391,117.247715,0.048483,0.000678,0.90357,1.530896,0.121439,0.777739,0.868108,0.021926,78.551576,0.020374,71.247042,0.030314,118.56865,0.039642,0.000552,0.909606,1.478323,0.119387,0.789909,0.877109,0.022519,77.872397,0.021071,71.105357,0.030018,113.558201,0.048272,0.000671
34,35,1003,0.8174,2.275505,0.125878,0.622528,0.753956,0.023515,77.293771,0.019548,64.264149,0.049463,167.392807,0.026625,0.000422,0.783033,2.783162,0.124014,0.569089,0.704143,0.022808,78.285889,0.018653,62.61842,0.054468,206.013315,0.016361,0.000275,0.868934,1.78789,0.123271,0.711269,0.821872,0.023091,78.733665,0.020914,68.65253,0.035708,138.865859,0.036792,0.000524,0.879596,1.73326,0.127155,0.731292,0.833579,0.022643,78.11281,0.020711,68.847361,0.03396,134.445548,0.033357,0.000468,0.896314,1.568554,0.125453,0.763194,0.859504,0.02164,77.502116,0.019986,69.750451,0.030485,119.856322,0.043556,0.000619,0.882226,1.718298,0.125766,0.736297,0.836734,0.022661,78.435388,0.020742,69.323801,0.033851,133.929277,0.025305,0.000355,0.898122,1.553563,0.124988,0.766771,0.862055,0.022162,77.729721,0.02053,70.177074,0.030849,118.552843,0.043586,0.000619,0.892092,1.637971,0.128111,0.755329,0.850117,0.021961,77.633708,0.020266,69.567608,0.031819,125.068493,0.033481,0.000482,0.904687,1.509955,0.125145,0.779915,0.87064,0.022392,77.711445,0.020891,70.607021,0.030259,115.581475,0.044815,0.000628
35,36,1004,0.849543,1.935343,0.101606,0.676481,0.797563,0.020687,99.727064,0.018814,82.473641,0.031482,209.939106,0.043005,0.000454,0.833881,2.147951,0.095966,0.649801,0.771898,0.020688,106.107888,0.018718,85.47506,0.032936,253.942598,0.034039,0.000349,0.878358,1.69378,0.126962,0.728621,0.836199,0.021152,76.803178,0.01907,67.903823,0.032623,127.474826,0.034628,0.000507,0.879407,1.717534,0.125896,0.730801,0.834923,0.023612,78.291836,0.021624,69.0359,0.035058,133.021309,0.032401,0.000463,0.907978,1.478673,0.123757,0.786404,0.876183,0.023332,78.908937,0.021827,71.997571,0.030981,114.658529,0.05108,0.000695,0.90262,1.544679,0.120572,0.775917,0.866087,0.024978,77.410153,0.023282,70.115443,0.034244,118.03252,0.038907,0.000547,0.914482,1.422049,0.122682,0.799425,0.886709,0.020733,78.056141,0.019371,71.694969,0.027354,109.400739,0.065773,0.0009,0.911427,1.478303,0.121852,0.793634,0.878876,0.022444,77.87781,0.021023,71.256901,0.029982,113.555177,0.029148,0.000413,0.917882,1.411053,0.123143,0.806738,0.889886,0.021758,77.624081,0.020474,71.4688,0.02809,108.366565,0.058399,0.000797
36,37,1005,0.85679,1.839961,0.113291,0.689098,0.810132,0.022538,78.295392,0.019942,67.097813,0.037207,144.019939,0.032351,0.000472,0.830265,2.134461,0.113459,0.643637,0.77148,0.023055,78.009812,0.020008,64.631245,0.042667,167.145315,0.0193,0.000297,0.889961,1.591359,0.115125,0.750567,0.853296,0.024217,79.029356,0.022252,70.525575,0.034325,124.681529,0.041008,0.000559,0.892225,1.613595,0.121032,0.755301,0.852707,0.021877,77.795136,0.020094,69.563591,0.031823,124.33199,0.026074,0.000371,0.910618,1.461271,0.116661,0.791788,0.879706,0.022517,78.00891,0.021018,71.352288,0.030076,112.318626,0.047592,0.000656,0.891842,1.621452,0.121965,0.754605,0.851732,0.021782,78.454758,0.019985,70.249069,0.031799,125.517981,0.032734,0.000459,0.908936,1.468013,0.11842,0.788238,0.878061,0.022328,77.815835,0.020842,70.985175,0.029815,112.810845,0.047989,0.000666,0.910901,1.477085,0.114493,0.79259,0.878279,0.022446,78.56474,0.020952,71.915378,0.030339,114.056233,0.038388,0.000527,0.915934,1.424169,0.116585,0.802673,0.887223,0.023161,78.133165,0.021808,71.838335,0.029883,109.787818,0.054713,0.000746
37,38,1006,0.870167,1.719856,0.110232,0.713163,0.82886,0.021369,75.706575,0.018746,66.673079,0.035924,124.572548,0.037814,0.000572,0.836176,2.026506,0.113668,0.653466,0.782764,0.0198,78.632003,0.016659,66.785534,0.039265,151.284587,0.030092,0.000459,0.893279,1.559982,0.112918,0.756928,0.85853,0.022463,78.151939,0.020564,70.001456,0.032151,120.80735,0.036555,0.000503,0.897493,1.561195,0.115199,0.765502,0.861107,0.023302,78.787755,0.021548,70.803421,0.032652,122.296544,0.042189,0.000568,0.911067,1.453417,0.116625,0.792611,0.880901,0.022186,77.132455,0.020704,70.558081,0.029659,110.384005,0.053108,0.000739,0.901174,1.542441,0.114707,0.772865,0.865441,0.02307,78.906147,0.021375,71.267464,0.032061,120.812746,0.034901,0.000475,0.910821,1.458297,0.115584,0.792152,0.880221,0.022378,77.654181,0.020922,71.000775,0.029726,111.671626,0.04703,0.00065,0.911324,1.480165,0.115221,0.793483,0.878435,0.022701,77.88867,0.021204,71.22563,0.030677,113.884218,0.032687,0.00045,0.91297,1.445878,0.119055,0.7966,0.8829,0.022512,78.083733,0.021101,71.56901,0.029582,111.399342,0.055545,0.000757
38,39,1007,0.783437,2.619918,0.127865,0.569865,0.713434,0.024922,79.428091,0.021413,60.626172,0.048865,223.793219,0.019737,0.000306,0.766825,2.973019,0.122768,0.545255,0.685022,0.023967,85.244107,0.020617,63.085376,0.049843,276.647857,0.018424,0.000271,0.855143,1.91615,0.127484,0.686454,0.802601,0.022819,77.697217,0.020295,66.73831,0.037776,147.487614,0.03944,0.000581,0.87707,1.736779,0.126224,0.726379,0.831882,0.024788,77.983644,0.022665,68.677422,0.036932,133.683775,0.032105,0.000463,0.892509,1.596705,0.128194,0.755778,0.854223,0.02197,78.766787,0.020268,70.754119,0.031205,122.929511,0.040204,0.000572,0.884911,1.673911,0.122176,0.741213,0.842508,0.022393,78.523531,0.020462,69.873753,0.033431,128.807943,0.029877,0.000422,0.897527,1.547309,0.124169,0.765465,0.862356,0.022494,77.477098,0.02082,69.896733,0.03124,117.737727,0.048256,0.000683,0.900101,1.560567,0.122742,0.770887,0.862809,0.022312,78.752796,0.020681,71.250866,0.031232,120.715935,0.0399,0.000554,0.906291,1.492898,0.123884,0.783072,0.873445,0.022758,77.375292,0.021273,70.437708,0.03045,113.682559,0.055777,0.000779
39,40,1008,0.817774,2.234671,0.118968,0.623115,0.756788,0.026063,80.603734,0.022979,64.844767,0.045366,188.232309,0.030832,0.00043,0.795549,2.600978,0.112257,0.588041,0.720847,0.023936,87.331316,0.020802,67.664071,0.046299,242.724646,0.023495,0.000315,0.87006,1.741172,0.119198,0.713071,0.82702,0.022347,77.953247,0.02008,68.032731,0.034878,134.271009,0.032802,0.000468,0.878481,1.711228,0.125403,0.728939,0.834943,0.022942,77.817146,0.020887,68.521382,0.034487,132.16498,0.032351,0.000461,0.90013,1.532803,0.121787,0.77064,0.86555,0.021986,78.404572,0.020333,70.907399,0.030608,118.193277,0.043386,0.000605,0.88542,1.67457,0.121522,0.74227,0.842558,0.02203,78.195529,0.020125,69.436748,0.032867,129.738971,0.022996,0.000326,0.905473,1.496247,0.120908,0.781326,0.87276,0.02133,77.760186,0.019801,70.706499,0.029199,114.729081,0.048488,0.000675,0.901791,1.550575,0.121869,0.774291,0.864884,0.021628,78.630435,0.020064,71.239233,0.030226,119.828106,0.028993,0.000405,0.906245,1.49391,0.123396,0.782983,0.873319,0.02199,77.78055,0.020507,70.827273,0.029665,114.249109,0.055749,0.000775
40,41,1009,0.886591,1.606375,0.115831,0.744025,0.849602,0.025064,78.589201,0.023007,69.815414,0.035856,124.868328,0.050548,0.000695,0.8604,1.836508,0.113241,0.695667,0.81247,0.025328,82.76677,0.022953,71.237059,0.039231,149.470324,0.042765,0.000572,0.913884,1.43425,0.113731,0.798339,0.884917,0.022609,80.359305,0.021116,73.855336,0.030004,112.838372,0.061794,0.000824,0.910126,1.442657,0.112933,0.790325,0.881871,0.022577,79.792233,0.021051,72.997542,0.029993,113.171761,0.061638,0.000814,0.924131,1.370644,0.11499,0.819768,0.89868,0.022197,77.951754,0.020901,72.381115,0.028424,105.043361,0.063075,0.000857,0.894745,1.567102,0.126656,0.759936,0.858864,0.024831,79.46651,0.023177,71.093717,0.03343,124.632815,0.051447,0.000694,0.914378,1.433751,0.124367,0.799357,0.88539,0.024532,78.29092,0.023119,71.894394,0.031513,110.591413,0.058643,0.000798,0.91468,1.43719,0.123807,0.800117,0.885042,0.022273,78.221571,0.020934,71.841165,0.029025,110.773259,0.06553,0.000906,0.924217,1.368897,0.116162,0.820001,0.898798,0.023121,78.463203,0.021877,72.900115,0.029073,105.497316,0.074554,0.001004
41,42,1010,0.852622,1.895548,0.103823,0.68183,0.802862,0.040963,57.709311,0.034358,50.477549,0.082757,98.30312,0.014186,0.000364,0.813032,2.297071,0.108803,0.6155,0.749728,0.03424,60.278327,0.027294,50.260509,0.084001,124.671097,0.013234,0.000336,0.903879,1.502933,0.11438,0.778085,0.870994,0.023058,81.11219,0.021511,73.324777,0.030911,122.062581,0.055301,0.00071,0.896567,1.567769,0.117253,0.763655,0.859947,0.023282,81.519856,0.021632,73.098334,0.032011,127.544655,0.036483,0.000481,0.917924,1.412257,0.11635,0.806839,0.889789,0.022656,77.6846,0.021316,71.583118,0.029326,108.118309,0.053722,0.000748,0.894245,1.595544,0.125639,0.759269,0.855493,0.022602,78.145902,0.020881,69.947903,0.031886,124.46926,0.044843,0.000616,0.912124,1.449378,0.119812,0.794807,0.88206,0.021703,79.52042,0.020304,72.891917,0.028737,113.286737,0.049488,0.000677,0.910725,1.468061,0.119716,0.792071,0.879142,0.022271,79.011076,0.020812,72.312142,0.029774,113.881556,0.04354,0.000606,0.916318,1.415688,0.117738,0.803363,0.888453,0.022457,78.135352,0.021104,71.867318,0.029063,109.178506,0.055223,0.000755
42,43,1012,0.835751,2.082075,0.118531,0.652843,0.777872,0.023005,77.714833,0.019984,65.188857,0.042144,158.766746,0.030306,0.000475,0.792535,2.685439,0.116351,0.583394,0.714227,0.023211,77.976999,0.019356,62.132088,0.053192,202.782266,0.015803,0.000273,0.894035,1.585073,0.129114,0.75877,0.856274,0.021397,77.072403,0.019728,69.113984,0.030359,121.051205,0.04057,0.000579,0.887028,1.652305,0.129361,0.745301,0.845464,0.022822,76.530672,0.020968,68.11893,0.033169,125.110857,0.028857,0.000419,0.905812,1.495753,0.125247,0.782044,0.873001,0.021507,77.521071,0.019992,70.558876,0.029338,113.991172,0.04504,0.000632,0.887488,1.643061,0.129156,0.746164,0.846516,0.021821,76.237166,0.019949,68.021898,0.032217,123.068414,0.030044,0.000448,0.908976,1.471625,0.12416,0.788421,0.877586,0.022177,77.980913,0.020742,71.152412,0.029452,113.361495,0.045627,0.00063,0.907293,1.489051,0.121596,0.785073,0.874684,0.021788,77.8759,0.020305,70.971469,0.02948,114.080811,0.040027,0.000558,0.914169,1.436377,0.120869,0.799057,0.884683,0.021941,78.056072,0.020577,71.694742,0.028781,110.269666,0.056111,0.000773
43,44,1013,0.86914,1.736349,0.116241,0.711357,0.826506,0.02564,78.337217,0.023317,67.470932,0.038113,140.019416,0.036622,0.000498,0.844337,1.973499,0.114198,0.667433,0.79138,0.025716,79.919011,0.023017,66.38459,0.041409,165.69735,0.037416,0.000511,0.903306,1.512985,0.119912,0.77703,0.869531,0.022582,77.083245,0.020907,69.866103,0.031211,115.409601,0.047926,0.000667,0.90215,1.511917,0.117948,0.774525,0.86918,0.023789,78.494451,0.021959,71.191361,0.033052,116.570084,0.04696,0.000654,0.905936,1.488066,0.126074,0.782218,0.873861,0.021205,78.287889,0.019709,71.188994,0.028822,114.989328,0.057787,0.000796,0.903603,1.499926,0.119738,0.777415,0.871326,0.021667,78.800582,0.02005,71.481003,0.029828,116.762091,0.054878,0.000749,0.917458,1.40728,0.117684,0.805683,0.890185,0.022516,79.070537,0.021198,72.810529,0.028918,109.894507,0.064779,0.000865,0.919745,1.400832,0.115963,0.810614,0.892313,0.022387,78.108849,0.021094,72.089059,0.028738,108.190373,0.054848,0.000749,0.91795,1.405768,0.119935,0.806744,0.890655,0.022436,76.871804,0.021106,70.815238,0.028914,106.815934,0.055806,0.000775
44,45,1014,0.814054,2.299926,0.113435,0.617217,0.750923,0.022393,80.300448,0.018763,65.945703,0.047741,175.394078,0.027315,0.000407,0.786936,2.665841,0.111227,0.575136,0.71293,0.021648,83.172092,0.017798,65.586804,0.051933,213.416341,0.022104,0.000331,0.896367,1.562338,0.120917,0.76321,0.860279,0.024007,77.491738,0.022281,69.539367,0.033006,120.778142,0.039363,0.000543,0.885097,1.682828,0.125701,0.7417,0.84156,0.023255,80.148618,0.021442,71.037802,0.033541,134.420389,0.034146,0.000466,0.905467,1.496664,0.123656,0.781341,0.872648,0.0213,78.496017,0.019793,71.441211,0.029062,115.372452,0.056087,0.000777,0.887335,1.658216,0.124151,0.745937,0.845222,0.024245,78.011386,0.022371,69.3214,0.034798,128.923322,0.03964,0.000546,0.904752,1.503328,0.123649,0.779924,0.871511,0.022181,78.580756,0.020659,71.482607,0.030073,115.911462,0.049463,0.00069,0.893168,1.618392,0.132172,0.757342,0.852548,0.020359,77.538622,0.018683,69.697258,0.029862,122.796128,0.029541,0.000433,0.907357,1.48905,0.124965,0.785259,0.874587,0.021307,78.191928,0.019836,71.248937,0.028919,114.640393,0.050538,0.000702
45,46,1015,0.922446,1.38558,0.098014,0.816137,0.896176,0.02476,105.39687,0.024043,95.268112,0.028296,155.417692,0.07543,0.000719,0.914909,1.443011,0.093081,0.800897,0.884111,0.021289,105.341342,0.020525,93.659774,0.025159,166.666523,0.081163,0.000769,0.922868,1.400208,0.108327,0.817678,0.894059,0.031319,66.0138,0.029314,61.441607,0.041439,89.539414,0.045561,0.000798,0.925704,1.350669,0.110916,0.822778,0.902351,0.027248,89.603922,0.025792,83.203384,0.033853,119.757835,0.071955,0.000827,0.942653,1.269529,0.105638,0.860243,0.922902,0.024988,82.995969,0.023995,78.348798,0.029521,104.771829,0.075089,0.000951,0.914579,1.429888,0.113284,0.799759,0.885934,0.025619,76.895419,0.02419,70.268932,0.032676,110.119892,0.053937,0.000725,0.93254,1.315043,0.111297,0.837691,0.910718,0.022902,83.956093,0.021949,78.256096,0.027271,110.771573,0.096982,0.001171,0.939524,1.271963,0.103998,0.852769,0.920817,0.025885,74.284412,0.024766,69.964235,0.030812,93.926693,0.079887,0.001107,0.94193,1.26762,0.100777,0.858388,0.922822,0.030309,69.972116,0.029034,66.444639,0.036143,86.078289,0.056284,0.0009
46,47,1017,0.901027,1.503317,0.108573,0.772078,0.869456,0.027593,67.280874,0.024848,61.792878,0.04194,93.767949,0.041696,0.000765,0.898303,1.517597,0.101646,0.766639,0.866248,0.034288,59.915142,0.030511,54.953009,0.054322,83.864785,0.032799,0.000704,0.911238,1.446811,0.119164,0.792845,0.88183,0.025968,76.063146,0.024404,69.536179,0.03355,109.026458,0.06264,0.000864,0.918778,1.413426,0.11151,0.808759,0.89014,0.027897,76.490002,0.026451,70.459404,0.03504,107.371226,0.053273,0.000714,0.910706,1.462493,0.120372,0.792026,0.879543,0.022039,78.687277,0.020597,72.101269,0.029439,112.24732,0.062567,0.000868,0.924771,1.362206,0.10565,0.820885,0.900408,0.026742,77.758639,0.025251,72.233262,0.033674,104.379736,0.05774,0.000781,0.918366,1.416695,0.123286,0.807861,0.889588,0.023313,76.019302,0.022019,69.92951,0.029822,106.993737,0.077675,0.001063,0.922175,1.388208,0.111495,0.815738,0.895377,0.020567,86.290285,0.019498,79.368958,0.025792,120.821485,0.069491,0.000823,0.910045,1.45063,0.13364,0.79038,0.880593,0.02502,77.372411,0.023623,70.657226,0.031937,110.772338,0.082872,0.001145
47,48,1019,0.821751,2.295743,0.097015,0.629664,0.754561,0.023566,104.866329,0.021377,82.239312,0.037441,278.735582,0.030728,0.000323,0.81361,2.473893,0.09223,0.616566,0.737645,0.021517,109.535037,0.01941,83.760811,0.035819,327.046746,0.023966,0.000252,0.867388,1.887335,0.12987,0.709077,0.812026,0.02479,77.420458,0.022464,67.684909,0.03939,142.653922,0.028061,0.000431,0.86613,1.844268,0.12866,0.706373,0.815072,0.023297,77.775705,0.021063,67.839691,0.036823,140.099606,0.036028,0.000544,0.87885,1.750359,0.141603,0.730177,0.830652,0.023276,78.059975,0.021287,69.093836,0.035052,133.16689,0.045791,0.000677,0.872133,1.795561,0.132525,0.717371,0.823347,0.021949,77.617301,0.019894,68.159196,0.034338,136.380792,0.027992,0.000417,0.892298,1.620192,0.131941,0.755649,0.851596,0.022548,78.782156,0.020885,70.729679,0.031946,124.760641,0.041063,0.000588,0.893292,1.616892,0.129515,0.757591,0.852678,0.02253,78.610119,0.020843,70.637714,0.031999,124.446246,0.040481,0.000577,0.886784,1.653983,0.136212,0.744888,0.844892,0.022254,77.763131,0.02052,69.398561,0.032096,125.821684,0.041244,0.000604
48,49,1020,0.879712,1.640337,0.111367,0.730792,0.842438,0.024805,79.619142,0.022054,70.347233,0.039347,128.531227,0.040046,0.000535,0.871676,1.698397,0.11218,0.715859,0.831991,0.024573,79.905044,0.02185,69.80385,0.039114,134.368189,0.044206,0.000587,0.904708,1.497302,0.116956,0.779748,0.872143,0.022471,79.138029,0.02089,71.898015,0.030487,116.848332,0.04253,0.000585,0.906481,1.48121,0.117847,0.783224,0.875096,0.021369,78.865357,0.019882,71.706852,0.028892,115.697441,0.048369,0.000659,0.912385,1.445047,0.118773,0.795302,0.882696,0.021519,78.729821,0.020132,72.083098,0.028456,112.32554,0.063209,0.000861,0.908998,1.469333,0.117301,0.788426,0.877878,0.02327,78.125824,0.021693,71.263943,0.031217,113.349911,0.047702,0.000658,0.910355,1.454748,0.121971,0.791114,0.88031,0.021693,78.249336,0.020284,71.471188,0.02874,112.505876,0.056836,0.000775,0.907324,1.472039,0.123584,0.784867,0.876663,0.021761,79.008906,0.020336,71.827541,0.028918,115.389047,0.046349,0.000626,0.901562,1.515457,0.132858,0.773463,0.868065,0.020639,77.79858,0.019087,70.556133,0.028636,115.544705,0.059514,0.000836
49,50,1022,0.844376,1.94618,0.114194,0.667415,0.79386,0.024764,78.312468,0.021736,66.257975,0.042399,150.871562,0.032302,0.000467,0.821425,2.226891,0.112887,0.629084,0.759586,0.023832,78.935501,0.020462,64.828796,0.045945,174.712287,0.025577,0.000377,0.877384,1.703349,0.132811,0.72679,0.834824,0.022277,76.921652,0.020283,67.65548,0.033294,130.079614,0.036871,0.000531,0.882348,1.668036,0.127284,0.736168,0.841171,0.022234,77.363749,0.02026,68.518307,0.033055,127.47833,0.035708,0.000512,0.898528,1.54629,0.129023,0.767505,0.863113,0.0208,77.314341,0.019187,69.836732,0.029359,117.294903,0.045297,0.000643,0.883339,1.664484,0.125005,0.738064,0.842214,0.02217,78.557969,0.020252,69.619889,0.032729,129.307582,0.035771,0.000503,0.894585,1.573277,0.131573,0.759763,0.857797,0.020836,77.747576,0.019217,69.870848,0.029511,120.358209,0.045563,0.000651,0.900027,1.540032,0.123521,0.770536,0.864686,0.022407,77.645359,0.020797,70.166344,0.030953,117.776866,0.039416,0.000558,0.904671,1.497846,0.125153,0.779703,0.871972,0.022663,78.336113,0.021161,71.166886,0.030383,115.569976,0.050442,0.000699
50,51,1023,0.839885,2.023005,0.120502,0.659808,0.785119,0.027573,77.953073,0.024448,65.367544,0.04604,158.239421,0.030982,0.000449,0.807871,2.41661,0.119143,0.607302,0.738975,0.026488,78.680047,0.023056,63.232353,0.049897,191.683592,0.022138,0.00034,0.887747,1.635711,0.128364,0.746574,0.847532,0.022294,78.019776,0.020475,69.617274,0.032315,125.366499,0.039678,0.000568,0.882157,1.697022,0.126925,0.73607,0.838166,0.022981,78.378356,0.021097,69.485926,0.033798,130.640904,0.038527,0.000553,0.897173,1.570582,0.127628,0.765035,0.859658,0.022721,77.854451,0.021108,70.160866,0.031475,120.305135,0.044671,0.000631,0.885412,1.654396,0.129373,0.742096,0.84433,0.022103,78.279733,0.020261,69.599884,0.032318,127.675575,0.040314,0.00057,0.892094,1.598536,0.137496,0.75498,0.853711,0.020936,76.849827,0.019287,68.798066,0.02994,121.233984,0.047504,0.000679,0.894343,1.592547,0.12885,0.759454,0.855811,0.021717,77.601419,0.020059,69.736685,0.030842,121.458296,0.037227,0.000529,0.897493,1.557791,0.131471,0.765577,0.861067,0.0216,77.357916,0.020002,69.764234,0.03014,118.484196,0.051371,0.000725
51,52,1024,0.873139,1.700224,0.107284,0.718672,0.832301,0.024162,81.980467,0.02185,70.92776,0.036762,143.012449,0.04008,0.000505,0.853974,1.885638,0.104635,0.684218,0.804327,0.022947,88.53753,0.02063,74.208233,0.036502,176.056668,0.033208,0.000397,0.903417,1.498296,0.113808,0.777014,0.871364,0.023053,78.483186,0.021367,71.244143,0.031554,115.662047,0.041324,0.000568,0.896605,1.570472,0.112927,0.763867,0.859317,0.022983,78.688959,0.021166,70.901521,0.032819,121.371762,0.040263,0.000553,0.911254,1.450283,0.115644,0.792946,0.881419,0.022557,78.396771,0.021119,71.684652,0.029722,112.305015,0.06129,0.000833,0.897522,1.560372,0.119449,0.765565,0.861168,0.022187,78.566568,0.020469,70.775523,0.03134,121.071212,0.038961,0.000537,0.912055,1.445201,0.116964,0.794589,0.882516,0.022923,78.421119,0.021473,71.8298,0.030134,111.637714,0.030646,0.000425,0.907035,1.490991,0.11881,0.784542,0.874336,0.022566,77.869186,0.021036,70.910195,0.030493,114.559502,0.042796,0.000597,0.913406,1.438651,0.117602,0.797434,0.883983,0.022488,78.087422,0.021091,71.596038,0.029446,110.863576,0.048466,0.000666
52,53,1025,0.850328,1.910602,0.117334,0.677803,0.800044,0.027786,79.443254,0.024876,67.177482,0.044404,153.427622,0.042116,0.000585,0.823272,2.211475,0.114653,0.632067,0.761263,0.027063,79.729204,0.023666,65.075636,0.048419,178.848271,0.024083,0.000357,0.890099,1.59149,0.133738,0.750858,0.853305,0.02385,74.331104,0.021952,66.475107,0.033797,116.39643,0.055477,0.000821,0.891585,1.605103,0.118881,0.753977,0.852889,0.022351,77.848732,0.020519,69.746573,0.032295,122.871348,0.041171,0.00058,0.894697,1.585918,0.135621,0.760183,0.856457,0.022242,78.292186,0.020571,70.46363,0.031337,121.381748,0.046888,0.00067,0.895453,1.573836,0.125165,0.761536,0.858278,0.025235,76.966863,0.023455,69.023817,0.034651,120.721421,0.055238,0.000768,0.914471,1.430378,0.12203,0.799584,0.885625,0.021658,78.518987,0.020292,72.070048,0.028385,110.910544,0.065536,0.000894,0.908327,1.486689,0.123279,0.787254,0.875551,0.022863,78.11838,0.021355,71.315627,0.030679,113.982281,0.040628,0.000567,0.914104,1.432093,0.124401,0.798881,0.885047,0.021496,76.911097,0.020083,70.59383,0.028484,108.567497,0.07683,0.001061
53,54,1026,0.828356,2.162204,0.109807,0.640472,0.767876,0.021576,79.634044,0.018082,66.52578,0.045507,164.639101,0.022524,0.000325,0.808301,2.427966,0.109982,0.607978,0.738428,0.021097,79.771995,0.017162,64.913621,0.050952,185.391304,0.021603,0.000315,0.867028,1.798759,0.117652,0.707749,0.819789,0.023429,78.614073,0.0211,68.223203,0.036792,140.913503,0.03254,0.000457,0.874342,1.787759,0.12407,0.721511,0.825565,0.023916,78.109035,0.021813,68.406134,0.036444,138.970954,0.029306,0.000418,0.892303,1.61794,0.125219,0.7556,0.851935,0.023495,78.02972,0.021747,69.991738,0.033234,123.787398,0.038852,0.000556,0.882328,1.687315,0.121428,0.736277,0.839416,0.02326,78.442779,0.021257,69.364436,0.034488,131.504514,0.034971,0.000485,0.902039,1.52758,0.120447,0.774553,0.867264,0.023502,77.953838,0.02187,70.598983,0.03202,117.431647,0.047843,0.000666,0.896066,1.596648,0.122815,0.762985,0.856663,0.022753,78.13557,0.021042,70.367994,0.032357,122.498608,0.030347,0.000432,0.904971,1.514008,0.123082,0.780604,0.870278,0.023125,77.80383,0.021592,70.732736,0.031214,115.839999,0.04908,0.000684
54,55,1027,0.877203,1.667648,0.109688,0.726196,0.837984,0.02253,73.900275,0.019868,65.435246,0.037095,119.321938,0.030823,0.000475,0.86728,1.738157,0.113668,0.707865,0.82546,0.019814,77.559963,0.017244,67.87719,0.034281,130.690384,0.036174,0.000532,0.910019,1.457372,0.117535,0.790431,0.879812,0.022003,78.945637,0.020574,72.05302,0.029149,113.899947,0.044049,0.000596,0.906633,1.480801,0.118533,0.783575,0.875122,0.022431,78.395612,0.020932,71.29225,0.029983,114.967347,0.048614,0.000663,0.910356,1.453535,0.115794,0.791099,0.880435,0.022019,78.316274,0.02055,71.605612,0.029345,112.15311,0.047415,0.000652,0.904246,1.498874,0.121264,0.778794,0.871704,0.021512,77.87011,0.019948,70.792893,0.029507,114.612073,0.033118,0.000469,0.905217,1.486882,0.12012,0.780662,0.873627,0.022265,78.152988,0.020737,70.978854,0.029967,114.874738,0.039902,0.00055,0.908145,1.468456,0.120408,0.786581,0.877482,0.021732,78.135076,0.020299,71.129645,0.028924,113.768666,0.044796,0.00061,0.906414,1.47802,0.122991,0.783081,0.875273,0.020095,77.412576,0.018584,70.556945,0.0277,112.354489,0.049184,0.000691
55,56,1028,0.880771,1.752883,0.087115,0.733776,0.83247,0.064123,55.806021,0.051969,51.140255,0.159284,79.512816,0.013661,0.0003,0.873446,1.82429,0.089956,0.720026,0.82198,0.061845,53.505934,0.049119,48.558729,0.167781,79.166873,0.013506,0.000309,0.902627,1.533826,0.116039,0.77591,0.866852,0.025104,78.932918,0.02354,71.354052,0.033342,120.519392,0.035585,0.00048,0.901182,1.55301,0.115226,0.773107,0.864033,0.024499,78.572566,0.022872,71.016918,0.033236,120.725871,0.046368,0.000631,0.908471,1.477363,0.116234,0.787428,0.876628,0.023069,77.938593,0.021573,71.130501,0.030677,113.36407,0.046386,0.00065,0.903434,1.544182,0.114043,0.777679,0.866453,0.023408,78.430872,0.021803,71.243483,0.032069,119.073489,0.040432,0.000565,0.909749,1.464477,0.116198,0.789953,0.87887,0.023217,78.65295,0.021798,71.695713,0.030369,114.3773,0.054221,0.000732,0.910927,1.469597,0.116282,0.792559,0.879002,0.022339,79.706969,0.020966,72.838144,0.029434,115.782242,0.055116,0.000733,0.911626,1.45676,0.118724,0.793876,0.880847,0.021318,77.59735,0.019882,71.123102,0.028618,110.921949,0.054128,0.000754
56,57,1029,0.854309,1.870575,0.120695,0.684754,0.805809,0.024574,78.514583,0.021998,67.378157,0.039366,144.700147,0.034443,0.000502,0.832736,2.114405,0.120217,0.647771,0.773497,0.024412,78.200783,0.021476,65.328165,0.043156,163.257516,0.032073,0.00048,0.879566,1.666725,0.119696,0.730715,0.839745,0.022854,78.910329,0.020767,69.718819,0.033998,129.650538,0.037173,0.000521,0.890327,1.612759,0.120536,0.751484,0.851549,0.024639,78.424395,0.022738,69.928335,0.03478,125.977722,0.032943,0.000453,0.907367,1.476182,0.11995,0.785081,0.876027,0.022208,77.88903,0.020712,70.97773,0.029818,113.141229,0.054338,0.000755,0.895556,1.57459,0.117493,0.761684,0.858564,0.024228,78.089794,0.022492,69.961939,0.033488,122.654837,0.038044,0.000525,0.912093,1.443415,0.116054,0.794625,0.882775,0.02258,78.738136,0.021091,72.071172,0.02992,112.211062,0.048464,0.000656,0.910107,1.471565,0.115957,0.790794,0.878387,0.021644,78.736743,0.020208,71.940649,0.029125,114.10428,0.047237,0.000651,0.911333,1.459258,0.118902,0.793318,0.880299,0.023426,78.523749,0.022047,71.763992,0.03049,113.198996,0.055301,0.000753
