,Num,Dnum,ROICoarseness,ROIContrast,ROIBusyness,ROIComplexity,ROIStrength,LLLCoarseness,LLLContrast,LLLBusyness,LLLComplexity,LLLStrength,LLHCoarseness,LLHContrast,LLHBusyness,LLHComplexity,LLHStrength,LHLCoarseness,LHLContrast,LHLBusyness,LHLComplexity,LHLStrength,LHHCoarseness,LHHContrast,LHHBusyness,LHHComplexity,LHHStrength,HLLCoarseness,HLLContrast,HLLBusyness,HLLComplexity,HLLStrength,HLHCoarseness,HLHContrast,HLHBusyness,HLHComplexity,HLHStrength,HHLCoarseness,HHLContrast,HHLBusyness,HHLComplexity,HHLStrength,HHHCoarseness,HHHContrast,HHHBusyness,HHHComplexity,HHHStrength
0,1,1,0.007193,0.392147,0.018165,37929.75848,37.408145,0.010108,0.315704,0.013602,27598.696261,50.88953,0.005856,0.487521,0.019729,46801.75954,25.409712,0.004929,0.619442,0.021731,67171.010701,22.834631,0.004504,0.787083,0.025939,77960.674479,19.367534,0.004467,0.657669,0.026978,64946.986719,18.581188,0.004099,0.827796,0.029795,82450.419388,17.581034,0.003932,0.813305,0.030299,77952.681686,16.249888,0.003793,0.937524,0.033242,86179.969734,15.080259
1,2,3,0.000514,0.34328,0.256381,39740.294731,2.8914,0.000771,0.200829,0.156448,26486.219959,4.334709,0.000384,0.433656,0.270543,57976.183226,1.861306,0.000332,0.397061,0.287325,63497.260397,1.665627,0.000299,0.449726,0.329446,75426.305361,1.403148,0.000316,0.504776,0.325893,70009.458687,1.522838,0.000289,0.571461,0.361868,81813.840729,1.301668,0.000276,0.611257,0.384553,86257.957271,1.239211,0.000264,0.682007,0.406724,92286.652499,1.157692
2,3,4,0.003099,0.434235,0.034763,54598.256687,16.282926,0.004343,0.319199,0.025515,38465.417514,21.843599,0.002918,0.496255,0.037906,57977.197792,14.05249,0.002394,0.601282,0.048472,72258.839223,11.016202,0.002237,0.671377,0.050265,81100.114742,9.886324,0.002286,0.691012,0.050267,77763.278279,9.919945,0.002197,0.768579,0.051247,89414.015778,9.499246,0.002077,0.797864,0.056679,90214.425676,9.019107,0.002066,0.828817,0.05534,98072.302365,9.048923
3,4,5,0.001062,0.237655,0.108745,38162.93668,6.540733,0.001595,0.156623,0.069981,26210.420045,9.562985,0.000824,0.379281,0.120468,56481.225735,4.039132,0.000688,0.309384,0.132943,60791.312631,3.738562,0.000634,0.414961,0.152648,72826.547302,3.101185,0.000637,0.534841,0.164,74810.686622,3.063771,0.000597,0.590428,0.177146,84001.817837,2.729652,0.000592,0.617852,0.179068,87048.43666,2.638978,0.000561,0.667637,0.190441,91955.279211,2.489799
4,5,6,0.000389,0.361938,0.273532,34281.810488,2.055735,0.000592,0.259738,0.163798,26345.631495,3.379998,0.00027,0.43979,0.403211,57880.571796,1.302506,0.000222,0.431332,0.463807,69214.293071,1.095955,0.000196,0.63638,0.555295,85470.103206,0.880759,0.000216,0.504784,0.48415,72032.13713,1.041263,0.000197,0.577144,0.534009,83505.043957,0.895429,0.000187,0.695825,0.587231,91166.565212,0.827155,0.00018,0.705368,0.608231,94841.140106,0.79553
5,6,7,0.000663,0.275641,0.166873,43547.902612,3.952961,0.000946,0.19263,0.117346,30833.698213,5.553694,0.000567,0.420001,0.181454,59084.325442,2.776767,0.00049,0.497734,0.209747,69749.114184,2.351889,0.000429,0.641866,0.255396,85491.637661,1.923561,0.000475,0.436345,0.209655,70421.299649,2.326182,0.000432,0.517485,0.235762,81469.613898,1.997879,0.00042,0.646641,0.256928,86296.07144,1.881391,0.000404,0.6319,0.260946,91013.121881,1.795928
6,7,8,0.000191,0.312865,0.657103,37978.592812,1.070342,0.000286,0.208578,0.443005,25196.74695,1.614496,0.000132,0.461393,0.820442,60096.493654,0.626716,0.00011,0.524379,0.975163,72714.624517,0.515076,9.9e-05,0.653569,1.106573,85238.435559,0.436785,0.000105,0.589257,1.03709,77372.107928,0.485069,9.8e-05,0.634617,1.109144,85514.538716,0.435186,9.4e-05,0.698459,1.179722,91119.181959,0.411606,9e-05,0.731973,1.222705,95255.772018,0.39233
7,8,9,0.000924,0.499381,0.134398,53484.3688,4.683945,0.001335,0.346021,0.093377,36372.860774,6.844437,0.000802,0.572909,0.146366,68063.681703,3.788666,0.000685,0.676336,0.168248,80746.782476,3.156455,0.000631,0.722559,0.180337,90247.315151,2.800356,0.000688,0.605928,0.157586,79086.528229,3.198203,0.000641,0.703505,0.174125,89067.74984,2.823947,0.000605,0.770456,0.187393,95298.415899,2.663316,0.000591,0.796795,0.190922,97728.853352,2.565448
8,9,10,0.000602,0.307058,0.206077,40558.858455,3.360656,0.000864,0.234246,0.154795,30229.744901,4.947215,0.000528,0.436918,0.19541,57824.843063,2.567992,0.00043,0.527821,0.239375,73172.652305,2.009089,0.000389,0.602442,0.275395,83472.591482,1.752998,0.000425,0.514039,0.240058,72692.577596,2.013365,0.000394,0.515826,0.261484,79753.71452,1.827173,0.000373,0.584163,0.281105,86418.5372,1.696193,0.000365,0.538616,0.278119,86975.270576,1.675477
9,10,11,0.000166,0.298728,0.740583,36110.862425,0.933472,0.000253,0.195145,0.482852,23348.499017,1.444827,0.00011,0.453026,0.967732,59601.81922,0.52197,9.2e-05,0.498272,1.125382,71872.469016,0.430139,8.4e-05,0.618959,1.288775,83777.483827,0.367221,8.9e-05,0.553601,1.191585,74674.675343,0.414542,8.2e-05,0.62811,1.318909,85298.889098,0.362079,8e-05,0.635034,1.336258,87308.63247,0.352428,7.6e-05,0.693132,1.419137,93393.514592,0.330819
10,11,12,0.000629,0.278731,0.183695,36098.74416,3.395012,0.000949,0.195393,0.124071,24116.892541,5.067804,0.000418,0.392179,0.247896,55962.395863,2.036969,0.00036,0.332797,0.259951,60705.166132,1.863178,0.000316,0.472969,0.317793,75737.742937,1.48625,0.000319,0.480838,0.318234,74023.65561,1.546678,0.000305,0.516527,0.332406,80843.107753,1.401885,0.000302,0.503223,0.331504,80879.232946,1.395005,0.000287,0.52964,0.352902,86050.09539,1.319698
11,12,14,0.001565,0.35618,0.076384,44383.95368,10.274861,0.002228,0.250804,0.049759,31695.254657,14.420981,0.001222,0.400335,0.075416,69239.155545,6.332438,0.001324,0.317298,0.069758,60353.804184,7.252393,0.001123,0.398922,0.084372,74086.437585,5.517351,0.001308,0.315041,0.070902,59512.327976,6.780677,0.001101,0.547328,0.091168,83926.933247,5.087705,0.001155,0.499673,0.086106,79829.395127,5.297194,0.001064,0.642184,0.100286,90392.458405,4.629901
12,13,15,0.001861,0.52655,0.067451,59037.86123,9.917236,0.002767,0.310314,0.041574,36635.906486,14.529703,0.001361,0.659427,0.080347,84525.324595,6.428371,0.001544,0.502234,0.063691,72595.505049,7.473601,0.001349,0.531276,0.075504,82353.434348,6.241691,0.00148,0.386435,0.065469,70615.82153,7.605164,0.001263,0.705526,0.086684,96312.243248,5.709692,0.001321,0.661603,0.080593,92658.024966,6.037245,0.00122,0.804775,0.092977,101530.124178,5.36065
13,14,16,0.002033,0.409811,0.055426,44417.841058,10.839958,0.002431,0.320278,0.043933,37194.488656,13.342332,0.001259,0.631039,0.087957,80464.661608,5.803569,0.001173,0.592998,0.093584,83926.464062,5.566132,0.001083,0.711386,0.10189,94535.996969,4.893748,0.001203,0.614552,0.090527,82206.848019,5.581725,0.001102,0.697277,0.098319,95517.003087,5.002429,0.001116,0.622531,0.092139,92193.281209,5.118126,0.001063,0.625628,0.100563,92182.316515,4.779537
14,15,17,0.001343,0.433961,0.094707,55219.842649,7.417898,0.001583,0.349113,0.079666,46478.255298,9.235974,0.001036,0.556573,0.099401,84961.146217,5.133063,0.001046,0.51861,0.0993,81790.568449,5.115259,0.000983,0.658001,0.107198,95625.624018,4.546534,0.001033,0.576143,0.1023,85632.529658,4.994107,0.000951,0.744867,0.115404,100977.781421,4.368406,0.000952,0.647828,0.114236,93043.63216,4.323804,0.000944,0.642677,0.113323,98826.695587,4.444023
15,16,18,0.000508,0.441257,0.227274,52566.589697,2.745162,0.000762,0.295461,0.154845,34087.475688,4.091661,0.000347,0.550587,0.303994,81344.797241,1.641553,0.000372,0.60214,0.303221,78288.893969,1.720663,0.000316,0.629398,0.335912,91626.071985,1.448647,0.000352,0.636704,0.317381,83001.650064,1.612318,0.000314,0.708306,0.346644,95515.888096,1.393861,0.000319,0.719254,0.34589,94160.932204,1.415246,0.000306,0.735743,0.35782,98475.490109,1.350661
16,17,19,0.000929,0.452315,0.156536,47096.009629,5.192981,0.001114,0.339587,0.125587,37166.777637,6.341283,0.000586,0.613775,0.183441,81408.354136,2.746146,0.000592,0.573022,0.179489,80910.473848,2.748712,0.000529,0.684095,0.202611,93692.414755,2.376141,0.000596,0.593402,0.180776,80388.925731,2.760859,0.000537,0.648195,0.197948,92198.720473,2.418658,0.000537,0.564656,0.189357,88779.811412,2.49556,0.00051,0.493219,0.19457,89782.383504,2.486192
17,18,20,0.014597,1.122716,0.014577,45708.715743,58.264398,0.019618,0.86953,0.009562,38725.843844,88.83688,0.010648,1.547909,0.01557,68519.269773,37.790132,0.011578,1.147476,0.013218,58110.660662,40.559848,0.009995,1.581618,0.019055,64994.308256,31.347714,0.010552,1.31296,0.015886,56403.922856,35.598713,0.01024,1.396556,0.015748,67987.537127,33.340318,0.010951,1.316028,0.01452,67598.171121,37.198854,0.009185,1.946105,0.016889,88352.710078,35.841334
18,19,21,0.002934,0.43556,0.042947,55810.927013,16.080608,0.004226,0.290234,0.030097,32437.837233,20.171306,0.002509,0.543664,0.039791,72838.861405,12.310522,0.002657,0.437092,0.038173,60778.04669,12.680791,0.002283,0.629788,0.046545,84454.155876,10.03593,0.002465,0.559741,0.043893,74350.801683,11.157536,0.002156,0.719054,0.051365,91577.974526,9.334326,0.002233,0.651212,0.050001,82964.456258,9.742671,0.002039,0.880166,0.058076,95779.301419,8.668232
19,20,22,0.000296,0.414068,0.398462,52358.686354,1.584232,0.000432,0.280305,0.268136,35533.974488,2.336682,0.000208,0.559169,0.501633,79576.710179,0.992824,0.000224,0.531265,0.466217,74815.229792,1.055631,0.000187,0.694684,0.591115,94094.075719,0.840661,0.000211,0.60616,0.509354,81319.94657,0.966416,0.000187,0.657457,0.578944,93501.677685,0.841112,0.00019,0.725842,0.584404,93761.4391,0.839961,0.000178,0.753261,0.623735,100177.108293,0.791085
20,21,25,0.00033,0.359251,0.397483,40912.934388,1.800068,0.000468,0.232524,0.267871,28138.741175,2.638905,0.00019,0.484311,0.538076,72572.935581,0.907789,0.0002,0.527537,0.529335,70845.577295,0.93092,0.000168,0.615383,0.629554,87755.536728,0.749631,0.000192,0.534707,0.547684,74411.740781,0.882762,0.000169,0.564206,0.608809,86313.072938,0.756715,0.000172,0.603339,0.610174,85955.099008,0.763048,0.000161,0.674358,0.66486,93847.566953,0.700735
21,22,26,0.001638,0.313818,0.065418,50974.012721,9.282028,0.002385,0.259253,0.050907,34505.974915,12.905331,0.001196,0.698377,0.09619,86967.627665,5.463478,0.001406,0.431622,0.070867,69445.407407,7.02885,0.001177,0.625146,0.089275,89198.399128,5.375425,0.001358,0.334402,0.069907,62306.120398,6.924715,0.001115,0.774924,0.097859,97960.515218,4.952383,0.00126,0.533331,0.080177,82082.785813,5.764732,0.001133,0.754438,0.09776,97167.071101,4.939411
22,23,27,0.000234,0.399581,0.538032,49618.786653,1.284235,0.000341,0.272575,0.368772,33805.066689,1.885843,0.000158,0.570643,0.675746,79842.029985,0.744784,0.000166,0.569516,0.648884,76639.627997,0.776747,0.00014,0.710287,0.78823,94662.712044,0.627507,0.000162,0.559316,0.655448,78330.896499,0.754594,0.00014,0.696288,0.775146,94799.717523,0.623434,0.000146,0.669252,0.746654,90694.784132,0.649563,0.000134,0.765044,0.825437,100115.463161,0.59319
23,24,28,0.002174,0.453062,0.066485,47913.515067,11.805858,0.003552,0.288212,0.04236,27801.037815,18.162628,0.001325,0.687917,0.082279,88169.840613,6.150549,0.00146,0.544476,0.07142,80591.160795,6.905029,0.001253,0.783307,0.089145,100552.388304,5.614571,0.001413,0.463301,0.071871,77227.998724,6.913892,0.001252,0.645809,0.084605,93681.542066,5.746931,0.001386,0.543458,0.074126,81758.460451,6.225808,0.001228,0.762636,0.090301,98565.162078,5.442742
24,25,30,0.000294,0.39579,0.417644,47939.836574,1.585908,0.000428,0.268895,0.281794,32610.366674,2.344421,0.000193,0.587755,0.54958,78396.342709,0.894897,0.000205,0.582062,0.524559,74110.087212,0.944984,0.000172,0.666802,0.627761,90967.380743,0.766855,0.000194,0.605312,0.553712,79231.035913,0.879973,0.000172,0.698512,0.626974,92845.613144,0.748561,0.000176,0.703756,0.62389,91595.670631,0.762712,0.000168,0.735218,0.649756,96689.823265,0.720899
25,26,32,0.000635,0.231335,0.169237,39885.850572,3.970522,0.001004,0.152478,0.105308,27147.790869,6.025296,0.000409,0.373942,0.230204,72331.022788,2.160297,0.000454,0.35666,0.207208,64083.397728,2.398689,0.000377,0.548682,0.271884,88428.56503,1.773276,0.000444,0.34518,0.210953,65556.773763,2.358479,0.000383,0.480127,0.257619,84644.015536,1.828317,0.000406,0.463469,0.242137,79915.616103,1.930771,0.000376,0.565249,0.27066,90054.125701,1.725273
26,27,33,0.001005,0.391643,0.117842,39711.643835,5.201886,0.001447,0.302189,0.079277,28975.298704,7.606214,0.000589,0.519409,0.175925,76887.635952,2.893413,0.000624,0.558359,0.171187,74954.840971,2.987489,0.000519,0.713766,0.215482,94153.426031,2.35327,0.000591,0.637306,0.185042,80812.912494,2.718607,0.000513,0.723907,0.214698,96062.264323,2.29321,0.000525,0.749476,0.214209,94697.955643,2.326005,0.00049,0.73405,0.224547,99958.156775,2.218189
27,28,35,0.004529,0.607514,0.041954,51650.054309,22.23098,0.005183,0.524443,0.036224,45868.521391,26.552935,0.003473,0.591137,0.032213,71935.529295,14.909881,0.003362,0.612963,0.032726,75151.076629,14.795513,0.002886,0.822716,0.039252,92013.470152,12.595311,0.003501,0.467771,0.032589,58119.611553,15.397431,0.003246,0.659422,0.037019,66735.981725,11.823648,0.00323,0.678123,0.034508,76722.751042,13.256956,0.002862,0.721173,0.042639,80267.756956,11.603113
28,29,36,0.000279,0.971814,0.785362,72320.83809,1.655347,0.000294,0.91876,0.728635,70474.112261,1.780024,0.000232,0.765271,0.46942,92241.757838,1.002921,0.000241,0.727982,0.449334,88722.70639,1.037282,0.000219,0.777282,0.509499,98173.045786,0.937117,0.000234,0.742034,0.475555,91308.582729,1.004912,0.000217,0.733461,0.493838,98178.799077,0.942523,0.000223,0.758196,0.486789,96606.681653,0.955161,0.000214,0.643505,0.498221,95950.508121,0.961555
29,30,37,0.001504,0.44383,0.08199,57421.926268,8.112525,0.001599,0.394527,0.074692,53535.288168,8.695457,0.001052,0.698276,0.101185,93586.295541,4.803538,0.00109,0.576025,0.092007,86788.398346,5.165401,0.001033,0.703778,0.104989,98147.984843,4.738081,0.001101,0.60456,0.09629,89706.217168,5.148182,0.00101,0.789262,0.109894,98999.205012,4.406167,0.001057,0.544165,0.098851,85778.146475,4.856429,0.001035,0.507382,0.097161,89063.764142,4.989193
30,31,38,0.002657,0.611082,0.033926,62712.241757,14.937017,0.00278,0.616548,0.032492,59300.545379,15.634367,0.001981,0.802966,0.056328,96756.294668,9.091127,0.002123,0.719179,0.052599,85494.39666,9.613849,0.001938,0.838766,0.059405,100311.699433,8.554422,0.002051,0.783727,0.055843,92380.952144,9.078445,0.001918,0.875118,0.060889,96658.913421,8.062457,0.002003,0.746834,0.055275,92678.026915,8.845326,0.001866,0.963339,0.070215,95464.458674,7.454702
31,32,39,0.000636,0.701364,0.306778,47092.250082,3.342108,0.00067,0.692785,0.290324,44950.622753,3.499123,0.00035,0.709435,0.309018,91022.274092,1.566256,0.000373,0.640103,0.286176,84234.942304,1.683016,0.00033,0.796556,0.339246,99317.333577,1.430395,0.000366,0.654858,0.29485,87004.207783,1.627428,0.000327,0.764108,0.334002,99309.887762,1.433376,0.000345,0.682848,0.309745,93523.764365,1.51058,0.000322,0.688031,0.33695,98273.043814,1.44706
32,33,1001,0.000208,0.468582,0.699735,48304.851215,1.130681,0.000286,0.333242,0.469431,33558.816868,1.478901,0.000183,0.490593,0.603473,58558.280088,0.850549,0.000164,0.495109,0.6311,64398.302734,0.744823,0.000139,0.635601,0.794802,80017.409821,0.60166,0.000158,0.55008,0.665251,68335.754863,0.703745,0.000138,0.651818,0.80391,81428.577347,0.59038,0.000134,0.682443,0.819542,84398.516118,0.56628,0.000123,0.730423,0.899784,92219.326498,0.522869
33,34,1002,0.00093,0.367197,0.119252,41900.455956,4.87782,0.001296,0.267606,0.083795,30731.357449,6.96536,0.000714,0.47213,0.155609,60931.796937,3.43217,0.000604,0.520984,0.178323,70318.390535,2.865816,0.000548,0.661957,0.201087,85430.025494,2.443348,0.000576,0.576344,0.187521,77883.867347,2.678363,0.000536,0.651953,0.204846,85374.061767,2.348779,0.000513,0.681064,0.212819,90526.034442,2.301954,0.000493,0.73796,0.225513,96139.94761,2.172037
34,35,1003,0.000932,0.286803,0.116269,41331.809835,5.515868,0.00134,0.20018,0.080505,28938.948289,7.855,0.000763,0.430802,0.138828,59379.708923,3.705633,0.000621,0.499234,0.164987,73272.443524,3.000194,0.000575,0.600076,0.186998,82950.806209,2.619989,0.00062,0.529594,0.167544,74348.929752,2.949977,0.000569,0.611072,0.188662,84314.818942,2.575542,0.000567,0.596395,0.185228,85002.369922,2.544533,0.000533,0.658901,0.200151,91937.166381,2.365405
35,36,1004,0.002695,0.526675,0.03863,45501.023052,14.07926,0.00365,0.451755,0.028127,36167.008841,19.517566,0.002027,0.408021,0.053672,58099.577159,10.246177,0.001802,0.513215,0.059076,68047.835542,8.698727,0.001578,0.63709,0.068378,81858.66068,7.145348,0.001577,0.635562,0.070004,80651.901988,7.590252,0.001452,0.66535,0.075742,89953.007301,6.624616,0.00147,0.702409,0.075585,89522.690178,6.596695,0.001386,0.743353,0.083355,88122.664849,5.812557
36,37,1005,0.000911,0.415567,0.128297,50639.342504,4.854469,0.001292,0.288354,0.090518,35229.765557,6.981459,0.000755,0.552348,0.147682,66754.694096,3.567254,0.000654,0.577916,0.170223,75363.978758,3.042785,0.000592,0.722926,0.191546,90006.278378,2.628608,0.000639,0.591779,0.169693,79011.751547,2.983228,0.000573,0.70228,0.195668,91222.757636,2.608422,0.00056,0.796346,0.204723,96308.869847,2.462832,0.000541,0.790927,0.208836,99395.618692,2.381678
37,38,1006,0.001333,0.465704,0.098705,53484.929312,7.011078,0.001882,0.320611,0.069839,34858.91121,9.709683,0.001168,0.55105,0.0985,65829.513384,5.631179,0.000977,0.658626,0.114927,79597.204647,4.48277,0.000888,0.73525,0.131978,87584.822819,3.888787,0.00096,0.680718,0.117584,82526.479558,4.412205,0.000891,0.742607,0.129672,90178.129118,3.921567,0.000864,0.775273,0.133105,93017.585293,3.786435,0.00084,0.760873,0.132281,97110.657789,3.724483
38,39,1007,0.001547,0.249619,0.06899,30269.973869,8.036496,0.00217,0.201154,0.047938,22649.37749,11.401984,0.001068,0.400738,0.097124,55890.356223,5.329525,0.00088,0.501714,0.119103,68777.321428,4.36539,0.000789,0.575969,0.133095,81826.477568,3.615225,0.000826,0.550024,0.130508,75802.247231,3.99102,0.000754,0.632141,0.143083,86181.813084,3.457746,0.000728,0.668072,0.147993,90430.98538,3.297557,0.000701,0.678064,0.154023,93751.558478,3.185176
39,40,1008,0.000745,0.316146,0.141391,38036.256555,3.967159,0.001047,0.266136,0.099201,27940.771901,5.415128,0.00055,0.440435,0.200565,57985.195698,2.736519,0.00046,0.50062,0.22917,69842.288298,2.228722,0.000407,0.633675,0.268236,84317.480622,1.844361,0.000439,0.553424,0.247151,74580.262446,2.101835,0.000389,0.648517,0.283865,88302.2027,1.775424,0.000383,0.66698,0.284636,90111.205518,1.728302,0.000373,0.675112,0.289658,93285.71144,1.660133
40,41,1009,0.004239,0.52031,0.028028,54466.548403,20.921355,0.005775,0.384658,0.020126,40505.467284,29.766422,0.003121,0.820193,0.038735,82458.9015,13.752677,0.003079,0.833715,0.041409,76382.049181,12.843138,0.002744,0.941155,0.045787,94048.620517,11.34594,0.00341,0.608397,0.032228,69287.626173,15.242597,0.00291,0.77424,0.038113,90946.960365,12.604314,0.002997,0.768705,0.040238,79896.181912,12.13643,0.002738,0.930062,0.044101,96289.68675,11.266471
41,42,1010,0.001281,0.662925,0.178032,52409.220942,8.343305,0.001866,0.417902,0.109712,34926.427054,12.073466,0.000882,0.702455,0.123663,83236.919692,4.052645,0.000935,0.670259,0.117296,76243.384651,4.090098,0.000774,0.788895,0.148786,97143.410419,3.437516,0.000927,0.55777,0.112268,76327.618031,4.341599,0.000786,0.763522,0.141154,96442.248752,3.437629,0.00082,0.746812,0.135847,91604.256452,3.584423,0.000755,0.805012,0.148477,101389.56451,3.282786
42,43,1012,0.000822,0.366903,0.139322,44997.821077,4.770567,0.001217,0.246838,0.094258,30069.98213,7.132489,0.000531,0.536045,0.195808,81199.432691,2.555646,0.000577,0.504248,0.180393,74341.830786,2.778921,0.000487,0.649017,0.220083,93439.825753,2.221812,0.000562,0.531083,0.191213,76301.109055,2.708407,0.00048,0.666958,0.223185,94221.173921,2.200264,0.000495,0.67666,0.221632,92667.828109,2.243182,0.000467,0.753429,0.235984,99560.541127,2.072997
43,44,1013,0.001556,0.475324,0.076466,48204.625346,7.477821,0.002128,0.361896,0.056686,34604.499505,10.01797,0.001121,0.608403,0.09928,81056.103998,5.462,0.001188,0.642414,0.095409,77688.603336,5.626897,0.001022,0.648926,0.104244,92942.970154,4.698154,0.001143,0.639823,0.099317,78638.731332,5.206298,0.000986,0.795376,0.11473,96945.957486,4.356007,0.000999,0.783058,0.113892,97832.699434,4.501174,0.000965,0.77759,0.117265,99318.918149,4.256221
44,45,1014,0.00142,0.323898,0.08314,38164.279589,7.989367,0.002059,0.244131,0.057604,26641.613204,11.490868,0.000757,0.608207,0.142122,81295.978657,3.620771,0.000842,0.534578,0.121784,72966.742315,3.960335,0.000702,0.670129,0.15332,92670.675746,3.127353,0.000814,0.554689,0.129527,73358.072423,3.813409,0.000696,0.690699,0.155116,92351.787455,3.10986,0.000732,0.559436,0.142256,84629.661583,3.385589,0.000672,0.680701,0.158747,96693.461324,3.00523
45,46,1015,0.013635,1.471018,0.009312,62319.145979,56.971593,0.014974,1.36256,0.008588,58759.864118,62.909996,0.012461,1.298215,0.016172,56848.198173,46.159926,0.011597,1.309603,0.012768,60545.363796,41.876067,0.009891,1.707087,0.01774,67325.481622,33.045626,0.012116,1.232493,0.014575,51854.132449,40.034007,0.010457,1.460452,0.016142,62301.851698,33.969209,0.009708,1.668761,0.018274,73426.347631,34.04786,0.009113,2.044414,0.023807,80905.526401,31.785801
46,47,1017,0.00561,0.966939,0.037266,59407.02503,26.71625,0.006436,0.934389,0.035874,57129.993842,32.620015,0.005266,0.856413,0.024433,73779.16308,21.12044,0.005063,0.986795,0.025958,76334.212449,20.636629,0.005008,0.870966,0.024639,81380.356001,19.903118,0.004865,1.16794,0.029224,80998.243036,19.166563,0.004799,0.894455,0.02865,71720.251019,17.32734,0.004621,1.091798,0.02669,86381.915604,17.891032,0.004742,0.849608,0.027675,72198.691904,17.87266
47,48,1019,0.001722,0.596243,0.053781,45739.346632,9.571548,0.002319,0.497789,0.039543,36389.3222,13.139723,0.001095,0.554471,0.095824,70191.164289,5.131624,0.001163,0.502891,0.090564,66043.731151,5.523019,0.000991,0.525966,0.099472,79482.925999,4.491494,0.001088,0.466643,0.094572,68716.923562,5.338658,0.000936,0.602564,0.109398,87271.361369,4.183945,0.000982,0.608866,0.105855,83768.980192,4.343792,0.000945,0.572485,0.106194,86734.95123,4.159134
48,49,1020,0.001541,0.545023,0.074465,63104.160052,7.919366,0.001759,0.474424,0.06601,52575.482613,8.834758,0.001242,0.703919,0.090966,83558.592241,5.5003,0.00119,0.702875,0.095798,85517.812661,5.258274,0.001133,0.765144,0.09792,97437.086964,4.915266,0.00121,0.715481,0.09286,87379.364338,5.469765,0.001105,0.694781,0.098013,96154.127256,5.01453,0.0011,0.67987,0.096219,95210.429058,5.032601,0.001094,0.588117,0.094027,93714.777273,5.080129
49,50,1022,0.000733,0.402951,0.157068,50107.773093,3.849136,0.000992,0.298337,0.116349,36899.695517,5.225464,0.000521,0.461998,0.194775,72464.616646,2.55032,0.00055,0.48938,0.191571,70857.59226,2.617535,0.000445,0.589633,0.237258,89486.812487,2.06649,0.000521,0.536865,0.202336,75238.844872,2.467659,0.000455,0.569602,0.227274,87498.50487,2.101199,0.000474,0.651806,0.227877,87869.76366,2.090068,0.000428,0.686734,0.249349,95695.561864,1.92249
50,51,1023,0.00091,0.380596,0.115572,49325.895316,4.993508,0.001319,0.261695,0.079536,34112.345639,7.188646,0.000625,0.544297,0.167908,78636.505097,3.017284,0.000674,0.531931,0.156158,74562.478785,3.162002,0.000576,0.632476,0.182452,89934.735968,2.621947,0.000661,0.49693,0.156687,74816.596716,3.183348,0.000575,0.5109,0.175961,84892.025328,2.690621,0.000592,0.585678,0.175911,86799.235403,2.725849,0.000561,0.601437,0.184185,91811.563444,2.569307
51,52,1024,0.000806,0.583352,0.141789,59453.461766,4.033496,0.001097,0.460747,0.097422,45890.383713,5.700539,0.000629,0.734171,0.18243,87345.916575,2.835965,0.000673,0.702121,0.171494,81897.460381,3.019908,0.000589,0.793108,0.191876,96605.482991,2.541279,0.000644,0.637862,0.170745,82717.536747,2.982514,0.000574,0.790746,0.196545,97722.943627,2.507719,0.000608,0.736098,0.183414,92489.930791,2.641011,0.000558,0.796794,0.20073,100972.41306,2.433988
52,53,1025,0.003123,0.408271,0.034675,45755.931492,17.134126,0.004202,0.304424,0.02567,34541.341012,23.417478,0.002119,0.499671,0.050778,70671.132639,10.263524,0.002283,0.572759,0.048399,70691.483528,10.714584,0.001995,0.571091,0.05112,82388.782191,8.998103,0.002149,0.557197,0.049044,73404.892751,10.666094,0.001786,0.747892,0.063682,90247.877821,7.643433,0.001918,0.681448,0.057577,86519.549602,8.462564,0.001746,0.714748,0.062826,97676.322725,7.81915
53,54,1026,0.000599,0.342551,0.205571,41176.171033,3.213811,0.000813,0.252796,0.150831,30387.668844,4.376869,0.000455,0.450916,0.239584,57116.863527,2.189643,0.000385,0.501171,0.27235,67147.847119,1.824547,0.000336,0.609441,0.318674,81176.054947,1.48945,0.000369,0.530713,0.289942,70555.537307,1.753464,0.000322,0.649366,0.340997,84773.252291,1.449241,0.000324,0.653636,0.33516,85566.83483,1.420876,0.000304,0.697977,0.355236,91987.390748,1.320916
54,55,1027,0.000243,0.596239,0.546033,66079.538577,1.232426,0.000255,0.525561,0.503627,59104.332036,1.274249,0.000179,0.766998,0.618235,98852.384475,0.810426,0.000187,0.729002,0.587509,95371.597922,0.838804,0.000175,0.814281,0.65293,103719.089016,0.77483,0.000184,0.691819,0.601971,95001.006224,0.840885,0.000177,0.740554,0.61825,100512.180231,0.794149,0.000178,0.719694,0.609708,99384.473849,0.806432,0.000173,0.691858,0.636454,101386.798052,0.792565
55,56,1028,0.000683,1.200474,0.364237,78189.116313,4.587346,0.000717,1.068067,0.350742,69135.02362,4.603621,0.000582,0.768779,0.185648,92197.936158,2.54704,0.0006,0.757431,0.183273,89872.008944,2.600244,0.000542,0.826624,0.209745,100516.166494,2.320228,0.000587,0.802541,0.192352,92978.599767,2.504318,0.000533,0.828955,0.207962,101493.315254,2.301638,0.000549,0.79772,0.200529,99268.612136,2.362577,0.000511,0.78341,0.220773,103400.933852,2.276332
56,57,1029,0.00175,0.375065,0.062265,49295.838205,9.259966,0.002347,0.282344,0.046966,36225.806403,12.098984,0.001501,0.466065,0.073006,60972.977739,7.455812,0.001301,0.556298,0.082373,72147.122149,6.285242,0.001131,0.652837,0.09773,86301.657142,5.210597,0.00128,0.587183,0.085871,74799.675662,6.066288,0.0011,0.717186,0.101984,89383.816378,5.068698,0.001071,0.757762,0.107552,91687.802228,4.74665,0.001051,0.745991,0.104743,96014.527775,4.673367
