,Num,Dnum,ROILDE,ROIHDE,ROILGLE,ROIHGLE,ROILDLGLE,ROILDHGLE,ROIHDLGLE,ROIHDHGLE,ROIdepGLN,ROIdepGLNN,ROIDN,ROIDNN,ROIdepGLV,ROIDV,ROIDEntropy,ROIDEnergy,LLLLDE,LLLHDE,LLLLGLE,LLLHGLE,LLLLDLGLE,LLLLDHGLE,LLLHDLGLE,LLLHDHGLE,LLLdepGLN,LLLdepGLNN,LLLDN,LLLDNN,LLLdepGLV,LLLDV,LLLDEntropy,LLLDEnergy,LLHLDE,LLHHDE,LLHLGLE,LLHHGLE,LLHLDLGLE,LLHLDHGLE,LLHHDLGLE,LLHHDHGLE,LLHdepGLN,LLHdepGLNN,LLHDN,LLHDNN,LLHdepGLV,LLHDV,LLHDEntropy,LLHDEnergy,LHLLDE,LHLHDE,LHLLGLE,LHLHGLE,LHLLDLGLE,LHLLDHGLE,LHLHDLGLE,LHLHDHGLE,LHLdepGLN,LHLdepGLNN,LHLDN,LHLDNN,LHLdepGLV,LHLDV,LHLDEntropy,LHLDEnergy,LHHLDE,LHHHDE,LHHLGLE,LHHHGLE,LHHLDLGLE,LHHLDHGLE,LHHHDLGLE,LHHHDHGLE,LHHdepGLN,LHHdepGLNN,LHHDN,LHHDNN,LHHdepGLV,LHHDV,LHHDEntropy,LHHDEnergy,HLLLDE,HLLHDE,HLLLGLE,HLLHGLE,HLLLDLGLE,HLLLDHGLE,HLLHDLGLE,HLLHDHGLE,HLLdepGLN,HLLdepGLNN,HLLDN,HLLDNN,HLLdepGLV,HLLDV,HLLDEntropy,HLLDEnergy,HLHLDE,HLHHDE,HLHLGLE,HLHHGLE,HLHLDLGLE,HLHLDHGLE,HLHHDLGLE,HLHHDHGLE,HLHdepGLN,HLHdepGLNN,HLHDN,HLHDNN,HLHdepGLV,HLHDV,HLHDEntropy,HLHDEnergy,HHLLDE,HHLHDE,HHLLGLE,HHLHGLE,HHLLDLGLE,HHLLDHGLE,HHLHDLGLE,HHlHDHGLE,HHLdepGLN,HHLdepGLNN,HHLDN,HHLDNN,HHLdepGLV,HHLDV,HHLDEntropy,HHLDEnergy,HHHLDE,HHHHDE,HHHLGLE,HHHHGLE,HHHLDLGLE,HHHLDHGLE,HHHHDLGLE,HHHHDHGLE,HHHdepGLN,HHHdepGLNN,HHHDN,HHHDNN,HHHdepGLV,HHHDV,HHHDEntropy,HHHDEnergy
0,1,1,0.102848,68.508861,0.021304,74.539873,0.002761,9.960512,1.239932,4457.56519,204.216456,0.129251,112.993671,0.071515,5.87033,18.511431,6.805526,0.010627,0.075235,87.513924,0.023452,71.843038,0.002032,7.699956,1.656554,5583.951899,192.208861,0.121651,100.487342,0.0636,6.253543,22.1293,6.952995,0.009438,0.119395,45.610794,0.022119,80.444444,0.004735,10.299775,0.67924,3640.278095,213.32,0.135441,142.086984,0.090214,5.22324,11.497777,6.521835,0.012973,0.151389,41.636652,0.026433,80.71655,0.009799,12.899821,0.635268,3321.332911,216.953075,0.137573,147.291693,0.0934,5.664048,11.62682,6.413902,0.013839,0.167425,32.943361,0.022193,78.657646,0.005773,14.802707,0.5151,2466.88798,205.075519,0.129059,176.487728,0.111068,6.080972,9.552837,6.296181,0.015225,0.1507,35.761966,0.023648,76.356733,0.006895,11.848821,0.57147,2638.504786,218.537971,0.139463,162.793235,0.103888,4.998983,9.652279,6.296721,0.015689,0.211107,23.643401,0.025308,75.389594,0.009121,16.78206,0.404497,1665.931472,198.055838,0.12567,201.520305,0.127868,5.811131,6.465111,6.08863,0.017801,0.189126,26.068528,0.022628,79.385152,0.00823,15.622021,0.387097,2012.334391,207.072335,0.131391,190.215736,0.120695,5.344369,6.833402,6.0512,0.017981,0.230388,17.810879,0.021321,78.894371,0.008143,19.92371,0.277916,1328.631246,193.904491,0.122647,234.724225,0.148466,5.743732,4.301419,5.829893,0.020986
1,2,3,0.066919,95.803268,0.022691,71.755495,0.002164,5.717873,2.148115,5484.222953,3231.219413,0.125704,1590.81809,0.061887,6.285016,25.025461,7.293152,0.008018,0.042115,139.26906,0.01883,76.605093,0.001029,3.806012,2.742379,8618.985905,3350.642863,0.130467,1321.215482,0.051445,5.69062,34.093581,7.465439,0.006986,0.10278,51.451878,0.022945,78.111875,0.004511,8.401341,0.79937,3964.487554,3514.275683,0.137325,2241.59435,0.087593,5.324461,13.385615,6.68015,0.01218,0.108127,59.290227,0.022409,77.754638,0.005383,8.8054,0.863855,4512.648245,4101.078859,0.161542,1989.805373,0.078379,4.495685,16.351521,6.484274,0.013904,0.144816,42.591821,0.020488,76.477192,0.005587,12.18392,0.634594,3128.577153,3948.319465,0.155262,2330.970114,0.091662,4.35148,11.572659,6.203788,0.016572,0.120741,46.013826,0.022305,77.740277,0.005157,10.118126,0.705502,3476.618895,3610.853433,0.14143,2312.757001,0.090586,5.118584,12.131131,6.532713,0.013605,0.157284,34.283171,0.021523,77.230356,0.006294,13.182091,0.523387,2521.880921,3570.544777,0.139999,2666.449733,0.10455,4.99302,9.119007,6.212112,0.016593,0.155404,32.952592,0.021239,77.2935,0.006009,13.229198,0.504718,2426.983662,3490.354073,0.136753,2735.612075,0.107182,5.055156,8.546909,6.222938,0.016356,0.185812,27.462802,0.02171,77.40154,0.007611,15.755013,0.420501,2020.590563,3398.139919,0.132849,2980.257203,0.116512,5.256178,7.12633,6.062405,0.018044
2,3,4,0.110855,41.938158,0.024658,80.335197,0.005273,8.631603,0.675669,3364.522039,391.228947,0.128694,290.010526,0.095398,5.518388,9.328047,6.578575,0.013007,0.084998,59.689292,0.022931,79.472488,0.004034,6.638805,0.912757,4772.582867,384.022735,0.126531,241.130478,0.07945,5.455805,13.382051,6.83422,0.010854,0.134376,34.113226,0.023425,78.142107,0.005751,11.179414,0.546624,2646.067279,398.824746,0.130891,320.646209,0.105233,5.459068,7.601035,6.426151,0.014646,0.140862,32.265414,0.02123,76.832509,0.00545,12.054863,0.516158,2384.513353,395.077811,0.13026,331.47214,0.109289,5.217277,7.574377,6.342279,0.014908,0.189556,26.147941,0.021445,77.536738,0.00594,16.186972,0.408374,1948.491598,399.933114,0.131774,361.68402,0.119171,5.306341,6.744424,6.09701,0.017579,0.169076,28.822602,0.022341,78.467477,0.00731,13.77353,0.444137,2219.266426,388.111695,0.127501,344.410644,0.113144,5.45034,7.12243,6.286327,0.015518,0.205667,21.650492,0.02345,77.416066,0.00804,17.59063,0.348794,1586.101967,387.385574,0.127012,409.832787,0.134371,5.733472,5.524342,5.967225,0.019311,0.179053,23.484948,0.022323,78.129581,0.007379,15.087546,0.374328,1736.509162,379.852094,0.124297,399.604712,0.130761,5.601172,5.682954,6.111945,0.0175,0.227508,19.681283,0.021764,77.540903,0.008093,19.590596,0.316458,1423.535668,376.714005,0.12327,424.415576,0.138879,5.82949,4.958392,5.944083,0.019587
3,4,5,0.059672,93.324664,0.020446,70.144463,0.001245,6.223999,1.887179,5491.766275,1715.676342,0.143933,752.650839,0.063142,4.87921,19.49159,6.953087,0.010259,0.038884,137.59353,0.018649,73.94058,0.000786,4.500847,2.657203,8379.731227,1720.387026,0.144183,632.712035,0.053026,4.753374,27.35057,7.147023,0.008859,0.107319,52.732842,0.02213,78.617866,0.005483,8.649419,0.7807,4042.919048,1749.771306,0.146633,994.211263,0.083316,4.846279,13.311533,6.548427,0.013366,0.099183,62.107992,0.020198,77.530717,0.004267,8.215225,0.886854,4728.163207,2069.952853,0.17396,908.1327,0.07632,3.812496,16.025814,6.406728,0.015024,0.140673,41.67551,0.020905,76.109731,0.00539,11.726024,0.626056,3043.066997,1919.065318,0.161117,1092.064394,0.091685,4.191186,10.653668,6.113151,0.017826,0.128406,42.591148,0.021828,77.801837,0.005129,10.922701,0.656743,3170.535198,1661.615616,0.138757,1136.795741,0.094931,5.1061,11.377816,6.457342,0.014132,0.165463,31.204024,0.021702,76.852241,0.006856,14.006954,0.475239,2313.829952,1633.027882,0.136324,1301.993405,0.10869,5.056363,7.990757,6.161341,0.017014,0.158843,33.233998,0.020825,77.646833,0.005748,13.141868,0.5052,2468.545272,1627.993074,0.135859,1271.385212,0.106099,5.092206,8.723938,6.229437,0.016109,0.190716,27.024846,0.021901,77.383025,0.007969,16.168374,0.410073,2002.570952,1595.856095,0.133055,1396.126897,0.116402,5.182624,6.988138,6.028228,0.01831
4,5,6,0.05075,89.276644,0.020696,88.525536,0.002352,3.593744,1.329233,8886.764834,4253.364981,0.115609,2469.689951,0.067128,6.589357,18.169178,7.22952,0.0085,0.035878,117.129071,0.018803,97.708966,0.001749,2.554178,1.550328,13201.578428,3997.92278,0.108589,2199.096314,0.05973,7.370439,23.333868,7.448854,0.00731,0.09983,45.493063,0.021946,77.385788,0.004173,8.479981,0.740748,3399.503605,4835.443358,0.132058,3430.220068,0.093681,5.391842,10.196172,6.627325,0.012893,0.10442,44.198234,0.019859,77.061691,0.003863,8.764028,0.67635,3299.494791,5163.696534,0.14158,3448.571781,0.094554,4.609257,10.229715,6.455042,0.014374,0.160018,28.367725,0.021179,77.484311,0.006238,13.596964,0.440299,2102.921785,4750.205287,0.129727,4262.937788,0.11642,5.30927,6.700006,6.156486,0.017106,0.110844,43.771883,0.02157,77.379556,0.004798,9.228046,0.685978,3247.133132,5059.028885,0.138642,3432.151768,0.094057,5.02656,10.576727,6.487689,0.014017,0.156397,31.493948,0.021014,77.323657,0.006182,13.048585,0.478966,2340.682697,5035.37005,0.137902,3963.191324,0.108539,4.957682,7.706889,6.142057,0.017327,0.157684,29.333979,0.021269,77.87179,0.006043,13.356984,0.452312,2195.120323,4685.220178,0.127861,4209.985782,0.114892,5.420998,7.189844,6.216886,0.016402,0.183518,24.818529,0.021221,77.576332,0.007276,15.737678,0.381624,1836.13598,4720.450182,0.128893,4509.646752,0.123137,5.321458,5.879171,6.000913,0.018955
5,6,7,0.06668,73.54552,0.019296,74.517264,0.001863,5.817792,1.354483,4672.039964,2395.605496,0.143107,1226.445042,0.073264,4.822694,16.716979,6.849983,0.011096,0.046618,103.536344,0.019349,73.99791,0.001431,3.993228,1.925697,6513.368393,2384.822732,0.142437,1046.501045,0.062504,4.756387,23.025837,7.084083,0.009505,0.103129,44.482695,0.022332,78.140704,0.004255,8.711516,0.703032,3418.910466,2335.791684,0.139143,1595.470602,0.095042,5.106285,10.260857,6.529471,0.013848,0.117523,41.634376,0.022015,77.977659,0.005106,9.484857,0.630653,3222.632291,2314.764552,0.137907,1625.36473,0.096834,5.114119,10.364392,6.484156,0.013854,0.163871,27.804331,0.020901,77.448688,0.005928,14.014918,0.435598,2046.915046,2179.958177,0.12969,1992.915878,0.118562,5.359911,6.808428,6.179723,0.016879,0.109178,46.473533,0.020402,77.35361,0.004118,9.102498,0.698971,3514.104612,2461.643579,0.147236,1522.736467,0.091078,4.55196,11.583805,6.476929,0.014066,0.153065,33.048705,0.020604,77.083169,0.005917,12.958889,0.498075,2440.924011,2426.416143,0.145181,1772.728236,0.106069,4.631119,8.277938,6.127287,0.017613,0.155373,31.110052,0.021637,77.724393,0.005914,13.296796,0.486543,2294.540972,2243.44283,0.133602,1864.649,0.111044,5.302184,7.848618,6.24842,0.016265,0.182812,27.170614,0.020955,77.489053,0.00695,15.584923,0.409736,2020.440315,2290.974945,0.136669,1949.654537,0.116307,4.995963,6.813361,6.013203,0.018742
6,7,8,0.04769,85.246745,0.021061,78.65885,0.001534,3.769807,1.598653,6515.589747,8339.331579,0.11194,5327.727697,0.071515,6.216583,17.149357,7.295886,0.008199,0.03022,119.209473,0.021036,78.817805,0.000936,2.315998,2.293952,9026.014719,8370.628633,0.112312,4637.394767,0.062222,6.2312,22.105676,7.48477,0.00716,0.102763,42.805519,0.022167,78.22438,0.00433,8.466227,0.686611,3275.428068,9499.905021,0.128641,7227.75065,0.097873,5.479521,9.751117,6.606515,0.012945,0.111141,41.579928,0.021671,77.512954,0.004377,9.234151,0.656779,3105.381502,9818.500034,0.13325,7227.751605,0.09809,5.188299,10.000211,6.521113,0.013636,0.158581,29.392145,0.021513,77.582989,0.006388,13.522029,0.456524,2182.472107,9529.390953,0.129063,8474.18819,0.114772,5.42034,7.150321,6.200865,0.01665,0.117132,38.860114,0.022186,77.601263,0.004811,9.689239,0.617889,2900.723412,9502.579258,0.128756,7572.468748,0.102604,5.424378,9.565213,6.502911,0.013772,0.155128,30.739564,0.021019,77.401296,0.005818,13.213258,0.476977,2270.458467,9686.973184,0.131329,8280.946503,0.112267,5.28111,7.634678,6.213453,0.016587,0.149541,30.315157,0.021336,77.679198,0.005591,12.601034,0.473754,2261.762671,9375.92779,0.126928,8460.805762,0.11454,5.461644,7.484489,6.271937,0.015912,0.183301,25.022379,0.021361,77.692843,0.007228,15.532427,0.384865,1858.355811,9396.61537,0.127136,9153.290191,0.123844,5.453653,6.138762,6.040185,0.018393
7,8,9,0.090462,39.961264,0.021446,78.710104,0.003008,6.939035,0.74203,3189.740271,1218.629597,0.108767,1179.83488,0.105305,6.472242,7.596092,6.761422,0.011773,0.061648,54.457434,0.020844,79.910851,0.00194,4.688458,1.005978,4374.61708,1218.753882,0.108759,1062.684276,0.094832,6.552223,9.60593,6.957764,0.01046,0.127588,29.360459,0.021747,78.531368,0.004482,10.60134,0.51051,2221.013533,1286.054669,0.115259,1339.200215,0.120022,6.074013,5.923337,6.447331,0.014342,0.141022,29.164182,0.022279,78.04868,0.005289,11.786694,0.48624,2222.514281,1314.793964,0.118088,1313.313095,0.117955,5.986361,6.504735,6.418917,0.014434,0.170419,24.182979,0.021361,77.718154,0.006187,14.54112,0.388692,1783.938017,1350.830515,0.121521,1426.969413,0.128371,5.732485,5.603747,6.148326,0.017104,0.129789,33.169131,0.022558,78.16282,0.005367,10.460856,0.526075,2536.141003,1410.008655,0.127119,1238.632348,0.111669,5.483045,7.955912,6.386281,0.01484,0.176218,23.834369,0.021887,77.957849,0.007044,14.8359,0.375691,1775.569666,1378.906512,0.124192,1426.255156,0.128457,5.612123,5.514304,6.088411,0.017883,0.167135,24.077213,0.022012,77.978452,0.006234,13.89624,0.385164,1804.610163,1345.323577,0.120787,1452.766924,0.130433,5.800171,5.592926,6.146206,0.017251,0.199622,21.82025,0.022423,77.596169,0.008462,16.82026,0.34295,1617.769175,1364.971765,0.122738,1479.302491,0.133019,5.75755,5.178751,6.007022,0.018737
8,9,10,0.068945,79.344905,0.017725,74.890068,0.001153,7.335215,1.611306,4568.725276,2690.489232,0.144138,1279.756456,0.068561,5.075475,18.533986,6.832757,0.011291,0.047989,97.211227,0.020379,68.81625,0.000867,4.962604,2.354487,5022.096598,2532.394226,0.135902,1199.858002,0.064391,5.475699,21.674102,7.033318,0.009996,0.108156,47.307438,0.023469,79.417694,0.005695,8.601406,0.715066,3733.945859,2515.86892,0.13433,1702.802125,0.090918,5.407543,11.774279,6.63579,0.012596,0.128551,40.340641,0.022308,78.699086,0.005608,10.464652,0.605807,3126.252526,2546.801101,0.136171,1824.161953,0.097533,5.184255,10.428169,6.455629,0.014001,0.162078,30.543918,0.021234,76.918049,0.006316,13.760347,0.469646,2248.283834,2520.453728,0.134827,2071.614636,0.110817,5.146499,7.641954,6.175462,0.016777,0.127664,43.375394,0.022041,78.178176,0.006039,10.284364,0.641404,3339.083231,2627.363627,0.140538,1758.495694,0.094062,5.045717,11.660333,6.471174,0.013992,0.153996,35.517267,0.020073,76.492516,0.005727,12.975645,0.537529,2587.206511,2715.84807,0.145186,1905.287715,0.101854,4.672645,9.329531,6.187333,0.016753,0.156937,33.44725,0.020493,77.137117,0.006212,13.111944,0.50407,2470.653595,2588.473358,0.13848,1976.293067,0.105729,4.878932,8.737437,6.201396,0.016524,0.176611,31.038605,0.019901,76.700032,0.006294,14.782879,0.460697,2280.311411,2733.472463,0.146159,2022.451396,0.108141,4.525459,8.150091,5.99147,0.019013
9,10,11,0.046395,100.281588,0.020091,78.312726,0.001214,3.999389,2.220123,7103.774168,10104.282814,0.112652,5864.385027,0.065381,6.217585,22.270124,7.439551,0.007631,0.027268,136.319347,0.020072,78.676753,0.000719,2.251165,2.981878,10016.881823,10133.310267,0.1129,5227.80312,0.058245,6.27278,26.254691,7.618002,0.006745,0.103341,45.537137,0.022356,78.174676,0.004539,8.436182,0.715972,3509.312716,11656.433514,0.131276,8369.506324,0.094259,5.4146,10.901235,6.62675,0.012883,0.11296,46.952795,0.020945,77.646053,0.004555,9.327121,0.707532,3548.565908,12255.762272,0.138207,8130.801707,0.09169,4.98589,12.434835,6.550137,0.013302,0.156368,32.639511,0.021183,77.566358,0.006276,13.401793,0.497894,2414.294458,11824.986794,0.133245,9647.837694,0.108713,5.241823,8.522874,6.224875,0.016387,0.115948,43.654425,0.021952,77.911003,0.005071,9.613025,0.668635,3312.498013,11800.735429,0.132857,8543.625356,0.096187,5.283565,11.418064,6.54752,0.013335,0.160578,31.530071,0.021499,77.464607,0.006568,13.679377,0.484858,2325.969376,11746.515751,0.132445,9788.949825,0.110373,5.240098,8.176189,6.203211,0.016613,0.148771,35.371317,0.021349,77.392074,0.005887,12.640455,0.542265,2607.12906,11914.466419,0.134331,9277.735374,0.104603,5.177624,9.456394,6.29,0.015672,0.182855,27.470191,0.021231,77.582108,0.007159,15.63546,0.41936,2023.579405,11651.417667,0.131213,10402.139508,0.117144,5.289026,7.10865,6.050495,0.018257
10,11,12,0.053518,94.899921,0.020188,78.480478,0.002434,3.999732,1.661364,7416.31119,2776.139538,0.115188,1553.169951,0.064444,5.765956,19.190932,7.337012,0.007751,0.03593,125.444876,0.021086,78.429534,0.002036,2.504467,2.273974,9844.82214,2719.543379,0.112461,1416.873294,0.058592,5.999454,23.663796,7.52334,0.006955,0.096693,52.997493,0.021999,77.41588,0.004255,8.170355,0.838953,3994.079983,3325.279482,0.138959,2009.286001,0.083965,5.018751,12.250104,6.693895,0.012265,0.096134,63.409504,0.020223,77.987342,0.004311,7.879629,0.906758,4849.152691,3933.944323,0.165431,1788.44508,0.075208,4.039638,16.097321,6.511341,0.01379,0.141906,40.227042,0.02081,76.601534,0.005991,11.82198,0.60029,2955.592187,3614.907708,0.151511,2233.821996,0.093626,4.507847,10.147157,6.174337,0.016983,0.112868,47.856401,0.021197,76.986896,0.004516,9.393304,0.725739,3568.881897,3450.413464,0.144453,2131.976723,0.089256,4.715543,12.396934,6.482779,0.013785,0.152,36.841082,0.020891,76.809709,0.006105,12.822163,0.550627,2720.672573,3504.249393,0.146781,2365.650582,0.099089,4.608122,9.551684,6.148554,0.017241,0.144377,41.287475,0.020762,76.692824,0.005507,12.27732,0.61937,3020.567907,3603.728203,0.151062,2221.170775,0.093107,4.511218,11.058682,6.213139,0.016574,0.171238,33.430228,0.020393,76.397069,0.00641,14.469655,0.50099,2434.244589,3536.966757,0.148083,2455.309818,0.102797,4.494338,8.746575,6.007701,0.018756
11,12,14,0.093945,100.879565,0.035013,61.404804,0.002167,9.550883,3.230582,5026.996105,1019.77877,0.165522,354.349456,0.057515,5.564298,29.376771,6.913358,0.01033,0.072871,160.837873,0.033731,66.205091,0.001466,7.972499,4.781802,8618.661316,1049.939364,0.170224,283.148184,0.045906,5.59099,48.748553,7.165224,0.008687,0.146368,52.922476,0.021885,78.757655,0.006659,12.102371,0.758425,3987.706515,1060.578827,0.172733,494.19544,0.080488,4.219461,15.401863,6.245179,0.016157,0.122362,75.027719,0.019272,76.881624,0.004287,10.566381,1.13449,5238.098973,1139.950595,0.185872,431.871352,0.070418,3.902171,24.592942,6.426291,0.01432,0.151756,43.629169,0.020781,75.844016,0.006296,12.369623,0.633991,3220.417266,1063.775997,0.173933,549.470569,0.089841,3.782905,12.268437,6.016678,0.018773,0.13039,66.280222,0.019856,75.722395,0.005375,11.137697,0.963211,4792.572714,1173.954687,0.192042,435.44299,0.071232,3.676651,19.059292,6.230144,0.016458,0.1796,32.200065,0.020706,77.836665,0.006655,15.314365,0.475183,2394.290102,919.437185,0.149429,648.972371,0.105473,4.609468,8.729638,6.000641,0.018843,0.173123,37.227354,0.021161,76.954952,0.007474,14.59457,0.548208,2729.032038,951.569198,0.154752,599.703529,0.097529,4.435145,10.547752,6.06886,0.017814,0.194941,28.270546,0.02036,77.408818,0.006309,16.67168,0.422397,2096.084455,858.551953,0.139172,709.723294,0.115047,4.842945,7.8883,6.004709,0.01861
12,13,15,0.112719,44.326958,0.027117,69.614465,0.004425,9.43318,0.984016,2822.278342,592.519426,0.118055,460.061168,0.091664,6.38044,10.537024,6.775407,0.011127,0.071731,74.192285,0.022037,76.002784,0.002559,6.223437,1.353519,5343.249553,623.858222,0.124052,362.317956,0.072046,5.795113,18.086853,7.062781,0.00903,0.168937,25.934053,0.022626,78.108513,0.006891,14.306104,0.416613,1938.581335,641.807354,0.128259,612.553957,0.122413,5.426414,6.131197,6.1612,0.017138,0.132721,43.386656,0.023356,78.646905,0.007678,10.689842,0.639942,3302.859526,764.311897,0.1536,456.067926,0.091654,4.937641,11.478688,6.295295,0.015911,0.17287,31.441212,0.021772,76.326263,0.006222,14.338038,0.485031,2299.699192,745.0,0.150505,528.279596,0.106723,4.467247,8.058615,6.018007,0.018951,0.133705,40.08251,0.018536,78.007262,0.004351,11.750499,0.589559,2976.233206,790.778092,0.159528,471.315917,0.095081,4.027136,9.891287,6.163116,0.017263,0.193829,22.275606,0.021615,76.807978,0.007773,15.982956,0.342929,1649.657046,642.866506,0.128857,661.657446,0.132623,5.202255,5.455579,5.931124,0.019566,0.184571,25.399279,0.023008,76.72527,0.007586,15.494657,0.399289,1877.931117,660.052062,0.132169,606.570284,0.12146,5.205295,6.329986,6.030067,0.018209,0.222084,20.124102,0.021899,76.983839,0.008594,18.364661,0.312666,1496.111931,617.613727,0.123227,685.203113,0.136713,5.548965,4.934016,5.934832,0.01928
13,14,16,0.082083,56.578041,0.02973,76.214696,0.002964,6.348453,1.399806,4403.860304,691.243919,0.116764,495.409122,0.083684,6.483733,12.386988,6.985787,0.009981,0.066947,70.791554,0.02667,79.193581,0.002589,5.166351,1.385905,5901.30473,706.241216,0.119298,446.630068,0.075444,6.287368,16.016553,7.09728,0.009361,0.159699,27.858946,0.020563,78.051509,0.004976,13.467181,0.431381,2136.264711,740.718574,0.126338,687.751151,0.117304,5.527243,6.536699,6.248967,0.015985,0.162033,29.177375,0.02054,76.192071,0.005547,13.369689,0.458837,2127.079631,770.115858,0.131599,670.735817,0.114617,5.082104,7.289944,6.192164,0.016508,0.195783,23.301482,0.021605,77.331289,0.007404,15.847278,0.357505,1737.113609,753.89627,0.12841,745.578777,0.126993,5.293958,5.748936,5.991171,0.018745,0.167727,27.882634,0.021034,77.67332,0.006338,13.856492,0.42373,2127.516377,770.109178,0.131373,687.865916,0.117343,5.225983,6.865524,6.194477,0.016867,0.19429,23.042278,0.020628,78.298159,0.006766,16.264628,0.352785,1721.530685,755.977838,0.128875,757.962496,0.129213,5.269392,5.677851,6.002041,0.018793,0.183411,27.957458,0.020966,78.075517,0.006778,15.251346,0.416221,2118.678285,809.853238,0.138365,675.037246,0.115332,4.900398,7.224084,6.02458,0.018718,0.195346,25.381213,0.019452,76.848164,0.005657,16.910424,0.388575,1846.939026,811.674979,0.138629,703.345687,0.120127,4.707004,6.337045,5.931671,0.0196
14,15,17,0.10438,45.027935,0.020485,70.10452,0.002532,9.173467,0.898795,2685.565286,881.839925,0.138393,587.010358,0.092123,5.237826,9.963397,6.516262,0.013851,0.087231,60.373683,0.021255,68.171828,0.001951,8.294871,1.293603,3341.725358,910.133784,0.14308,499.024839,0.078451,5.216422,13.79912,6.689449,0.012376,0.166533,28.69274,0.021298,76.84637,0.006084,14.156365,0.442322,2150.325839,888.730211,0.138756,723.002186,0.112881,4.817824,6.582923,6.082959,0.018252,0.152834,30.554796,0.021079,76.120473,0.005993,12.844906,0.476252,2225.698896,902.668584,0.140318,719.101663,0.111783,4.591423,7.214467,6.109438,0.017992,0.184184,25.796946,0.021296,77.584229,0.006952,15.055914,0.390571,1936.07075,860.603865,0.134113,776.502883,0.121007,5.017302,6.494226,5.997972,0.018842,0.161651,28.27828,0.021005,77.121222,0.005882,13.559223,0.440202,2104.745404,860.922094,0.134142,750.646931,0.11696,4.87387,6.808673,6.127279,0.017606,0.202238,21.456894,0.020519,78.772487,0.007118,17.256394,0.326707,1619.844382,801.084345,0.124663,850.454404,0.132346,5.377777,5.005576,5.913369,0.019856,0.184781,24.093608,0.019532,77.27473,0.00567,15.044386,0.36016,1824.241131,851.954524,0.133139,804.137053,0.125666,4.781441,5.800242,5.91799,0.019915,0.185798,24.546646,0.019707,76.695632,0.005653,16.121129,0.382287,1772.616381,860.860842,0.1343,793.09142,0.123727,4.82703,5.856199,5.916404,0.019959
15,16,18,0.08696,50.871038,0.021264,78.76825,0.00286,6.99676,0.982817,4120.068716,2313.612449,0.110099,1885.843438,0.089742,6.337734,10.63244,6.947957,0.01043,0.053654,71.786818,0.021378,78.358029,0.001695,4.096296,1.437596,5879.881164,2316.27424,0.110147,1664.84859,0.079169,6.319273,14.02783,7.155833,0.009201,0.146962,33.13154,0.020431,77.345484,0.005334,12.326633,0.506645,2462.289889,2824.085202,0.136173,2216.815131,0.106891,4.931039,8.176844,6.258314,0.016089,0.141101,30.769286,0.020724,77.481517,0.004783,11.923743,0.499133,2268.757923,2597.608429,0.124544,2368.303639,0.11355,5.538067,7.129186,6.377405,0.014981,0.17626,27.230203,0.020966,76.757618,0.00646,14.925517,0.417148,2009.54749,2804.191354,0.134992,2425.229144,0.116749,4.986795,6.657233,6.032901,0.018529,0.146075,31.387307,0.02149,77.649177,0.005371,12.524093,0.507248,2310.796505,2623.675244,0.125951,2326.637367,0.111691,5.509715,7.644202,6.367853,0.014967,0.185058,25.723672,0.021206,77.761115,0.00682,15.556556,0.393872,1917.274309,2686.536361,0.129129,2511.454795,0.120714,5.313648,6.424955,6.05266,0.018104,0.176474,25.532783,0.021401,77.940338,0.00646,14.983653,0.398944,1901.907507,2643.097821,0.126865,2554.087069,0.122592,5.456781,6.144726,6.113019,0.017576,0.200246,23.324041,0.021033,77.490099,0.007482,16.905098,0.355452,1732.649284,2674.315294,0.128536,2618.496491,0.125853,5.346279,5.709548,5.955087,0.019306
16,17,19,0.078087,61.481999,0.029325,65.534876,0.003388,5.843048,1.459024,3611.003536,1498.224044,0.120397,997.54468,0.080163,6.882714,14.161664,7.035731,0.009827,0.060849,78.539006,0.02475,68.089593,0.002228,4.90623,1.726089,4776.669455,1562.114846,0.125633,891.757761,0.071719,6.48843,17.685455,7.153878,0.009254,0.147514,31.880593,0.022272,77.522615,0.005859,12.26731,0.500972,2401.33379,1624.721841,0.130994,1378.083125,0.111109,5.396605,7.971387,6.28988,0.015749,0.156411,33.142003,0.021295,77.530129,0.005745,13.865602,0.513365,2428.259693,1674.266559,0.13524,1323.101292,0.106874,5.089131,8.52181,6.242407,0.016194,0.185057,26.457422,0.021665,78.319073,0.007534,15.680554,0.398488,1986.10808,1630.342804,0.131596,1479.55969,0.119425,5.242727,6.766866,6.055579,0.018336,0.151191,33.092554,0.022252,76.727265,0.006166,12.988559,0.526263,2403.327976,1666.791471,0.134614,1317.269423,0.106386,5.271388,8.292443,6.274638,0.015829,0.176734,26.946636,0.020763,77.696151,0.006699,14.844023,0.408721,2005.150388,1657.516656,0.134017,1454.351876,0.11759,5.0718,6.63255,6.046324,0.018347,0.166314,30.951022,0.020101,77.790592,0.006065,13.663103,0.456219,2331.702012,1764.689485,0.142624,1354.119696,0.109442,4.655127,7.843782,6.036897,0.018724,0.159303,31.531822,0.018804,76.339595,0.005056,13.879491,0.469511,2305.334413,1860.026235,0.150609,1335.632551,0.108148,4.129509,7.75692,5.934825,0.019903
17,18,20,0.165291,25.568182,0.034561,65.63447,0.006725,11.881524,0.720255,1511.138258,52.886364,0.100164,67.67803,0.128178,7.926276,5.893581,6.342269,0.0149,0.114406,24.018939,0.033731,78.159091,0.005515,7.818109,0.660252,1797.859848,48.784091,0.092394,80.738636,0.152914,9.029944,4.310721,6.29561,0.015747,0.231989,16.741935,0.027382,79.208729,0.012123,18.079863,0.288035,1308.908918,57.27704,0.108685,83.345351,0.158151,7.297041,4.110453,5.966361,0.019145,0.232221,17.282443,0.021921,79.994275,0.009176,19.655426,0.28147,1271.803435,62.954198,0.120142,78.763359,0.150312,6.145836,3.912534,5.808016,0.021189,0.241714,14.064885,0.024664,72.685115,0.008902,18.976692,0.277078,949.734733,57.923664,0.110541,89.622137,0.171035,6.436699,2.936804,5.802688,0.021298,0.189741,22.195402,0.023903,75.831418,0.006881,15.944706,0.389878,1577.536398,64.448276,0.123464,69.099617,0.132375,6.003303,5.26265,5.993009,0.018753,0.249275,15.480916,0.022349,79.994275,0.008872,21.30564,0.24585,1188.914122,61.881679,0.118095,82.916031,0.158237,6.080222,3.470194,5.720755,0.022216,0.255569,17.180077,0.026898,76.235632,0.013262,20.885854,0.293827,1205.856322,62.812261,0.12033,81.409962,0.155958,6.375497,4.619706,5.723857,0.023143,0.311059,11.750958,0.027847,85.977011,0.016967,27.773138,0.180704,965.701149,53.816092,0.103096,97.478927,0.186741,7.915386,2.88836,5.683312,0.022423
18,19,21,0.13259,56.509473,0.023036,66.287289,0.004609,11.889029,1.139179,3190.249397,429.327248,0.147891,224.013434,0.077166,5.099649,15.320756,6.613196,0.012546,0.091255,101.421525,0.018767,72.397378,0.002234,9.512155,1.84443,6154.213867,457.06416,0.157663,164.381856,0.056703,4.498414,28.020547,6.918364,0.009828,0.159627,40.84462,0.025653,78.588862,0.008857,12.795905,0.614146,3064.993812,444.418357,0.152774,275.579581,0.094733,5.115265,11.831454,6.204043,0.016326,0.140327,58.036935,0.02084,79.483259,0.00638,11.405112,0.855278,4238.375906,476.561615,0.164502,227.750431,0.078616,4.362175,17.771186,6.380988,0.014591,0.188519,31.644674,0.022515,75.807904,0.00797,14.870567,0.475891,2342.22646,418.720962,0.14389,313.769759,0.107825,4.883724,9.03808,6.052612,0.017772,0.157979,35.045361,0.020702,77.628522,0.005875,13.852824,0.532948,2588.886942,410.80756,0.141171,301.94433,0.103761,4.851793,9.49251,6.262143,0.015922,0.212022,23.49076,0.021274,77.60883,0.00799,17.670094,0.349297,1775.591034,384.843258,0.131705,369.258042,0.126372,5.184186,6.246381,5.936213,0.019571,0.198512,26.197522,0.021679,76.275637,0.006732,16.661649,0.407753,1922.844116,393.454233,0.135394,349.744666,0.120353,4.923723,7.128342,6.016441,0.018275,0.224259,20.139249,0.023079,77.160068,0.009366,18.677858,0.319994,1471.425597,365.0,0.124573,400.272355,0.136612,5.73161,5.048808,5.909545,0.019464
19,20,22,0.08665,51.402844,0.020669,77.368174,0.002631,7.707178,1.03581,3563.968672,4148.764219,0.117515,3147.424315,0.089152,5.839624,10.842715,6.891479,0.010933,0.057406,73.104977,0.02071,77.923221,0.001829,5.029759,1.476721,5244.771417,4158.659589,0.117736,2715.139007,0.076868,5.838208,14.594302,7.140688,0.009313,0.140861,33.98589,0.021467,77.625353,0.005467,11.508539,0.516909,2596.242097,4719.443716,0.13453,3748.344374,0.106848,5.099599,8.364649,6.319662,0.015578,0.130068,37.485655,0.021856,78.096584,0.005743,10.531939,0.565329,2898.377219,4707.77535,0.134128,3552.845751,0.101224,5.128707,9.194676,6.406074,0.014584,0.173081,26.074589,0.021078,77.23592,0.006149,14.58294,0.407895,1921.065511,4510.904494,0.128373,4277.191127,0.121722,5.309939,6.321081,6.091607,0.017857,0.145268,32.305431,0.021665,77.961587,0.00584,12.02879,0.494569,2457.475547,4566.466818,0.12984,3860.743873,0.109774,5.315652,7.924243,6.320218,0.015349,0.177029,26.593987,0.020612,77.069985,0.006219,15.150687,0.4117,1947.462616,4661.279255,0.132717,4184.435454,0.11914,5.087404,6.546173,6.039287,0.01853,0.180407,25.83037,0.021649,77.702892,0.006827,15.477385,0.400282,1923.764358,4436.523604,0.126016,4288.990911,0.121826,5.50455,6.45597,6.117175,0.017366,0.198132,22.482313,0.020909,77.632308,0.007181,16.82267,0.348138,1662.470968,4433.24454,0.126059,4562.088433,0.129723,5.418558,5.375546,5.973263,0.019174
20,21,25,0.061335,83.067785,0.02177,75.544369,0.001932,4.874233,1.994083,5467.863075,4457.365941,0.106014,2968.28938,0.070598,6.641142,19.927572,7.307013,0.008029,0.039653,110.034809,0.019511,78.741096,0.001,3.079177,2.419529,7906.238171,4540.71896,0.107963,2645.284892,0.062896,6.382728,23.497659,7.437952,0.007339,0.131039,42.603976,0.021232,76.607241,0.005368,10.65797,0.634864,3222.331326,5947.576597,0.143849,3904.158226,0.094427,4.808814,11.415374,6.407581,0.014541,0.127173,42.631519,0.022217,77.546867,0.005239,10.336046,0.65441,3242.366457,5573.123823,0.134257,3974.998169,0.095758,5.286014,11.458648,6.542821,0.013303,0.167158,31.91046,0.02095,77.15188,0.006253,14.309813,0.485539,2342.622846,5689.622243,0.137318,4492.410532,0.108423,5.010976,8.520021,6.15975,0.016973,0.134865,42.421936,0.022135,77.319289,0.005741,11.401796,0.643746,3186.585026,5697.554696,0.137254,3974.023247,0.095734,5.12436,11.857774,6.484419,0.013787,0.163476,34.746399,0.020299,77.045451,0.005982,13.96016,0.518391,2553.486599,6000.358085,0.144758,4284.846035,0.103371,4.700477,9.524443,6.130132,0.017362,0.163004,34.721181,0.021062,77.377263,0.006443,13.660581,0.524025,2552.578421,5727.857722,0.138104,4342.123038,0.104693,5.019628,9.721664,6.212262,0.016237,0.188809,28.735869,0.020781,77.370719,0.006811,16.198517,0.435892,2108.999663,5611.373129,0.135256,4725.269241,0.113898,5.115187,7.817158,6.06386,0.017987
21,22,26,0.102011,59.462724,0.019439,73.79086,0.00317,9.07229,1.000941,3990.233154,837.312545,0.150056,430.813978,0.077207,4.385239,14.399654,6.663963,0.012182,0.070915,82.042809,0.021871,68.978148,0.00182,6.674505,1.605725,4956.671503,798.621351,0.143045,371.966147,0.066625,4.889276,19.147085,6.96868,0.009989,0.181072,24.694444,0.02108,77.380164,0.005955,15.16279,0.390826,1825.892272,696.60933,0.12404,703.374644,0.125245,5.508052,6.039921,6.123414,0.017323,0.141096,49.485175,0.020034,76.810602,0.005292,12.359684,0.760524,3489.085175,874.853729,0.157206,477.174663,0.085746,4.559075,14.497897,6.367964,0.014864,0.184613,28.371388,0.021223,77.51445,0.007175,15.332383,0.421981,2132.386825,765.629689,0.137431,640.414468,0.114955,4.966621,7.598671,6.034488,0.018401,0.123379,56.561143,0.019638,75.293777,0.004062,10.619613,0.844281,4063.48589,1022.048119,0.184886,427.462735,0.077327,3.633019,15.102267,6.181006,0.017004,0.207137,21.999821,0.020583,80.034304,0.007587,17.592239,0.32191,1711.510809,703.738253,0.125735,729.397356,0.130319,5.545408,5.424434,5.959484,0.019107,0.177945,35.537174,0.021326,76.752835,0.007618,15.078518,0.522144,2627.309451,832.924392,0.149941,559.158056,0.100659,4.568617,10.157707,6.090372,0.017631,0.214781,23.066107,0.020148,78.224763,0.007159,18.534668,0.348548,1710.106486,721.155798,0.128847,712.990352,0.127388,5.398041,6.092649,5.940133,0.019511
22,23,27,0.080353,55.109353,0.019353,78.137689,0.002071,7.263346,1.073063,3772.54413,5491.969178,0.116659,4070.628906,0.086467,6.043785,11.450374,6.947169,0.010489,0.052592,75.750467,0.019472,78.160805,0.001472,4.786894,1.512171,5152.555258,5458.840426,0.115928,3624.741165,0.076978,6.065963,14.711661,7.142466,0.009233,0.14502,32.320024,0.021358,77.729554,0.005718,11.868654,0.497375,2450.465755,6165.449929,0.132209,5082.479736,0.108987,5.165343,7.786159,6.31504,0.015631,0.136723,33.97627,0.022002,77.861881,0.005552,11.107314,0.530739,2590.060019,6031.656638,0.129061,5028.79985,0.107602,5.33972,8.179609,6.404129,0.014642,0.180805,24.942651,0.021137,77.608577,0.006585,15.426374,0.388775,1845.805068,5953.728019,0.127214,5781.946946,0.123543,5.372198,5.99288,6.064351,0.018131,0.140055,34.942138,0.021268,77.608469,0.005354,11.681671,0.541016,2625.998586,6206.152691,0.132999,4866.730107,0.104295,5.139533,8.583047,6.370264,0.014873,0.181502,25.920103,0.021475,77.644175,0.006975,15.39066,0.399308,1918.833194,6070.706754,0.129791,5643.730892,0.120662,5.274002,6.418399,6.057947,0.018064,0.173341,27.505953,0.021102,77.564245,0.006395,14.611803,0.424456,2037.32264,6100.608789,0.130645,5465.2273,0.117038,5.259626,6.812962,6.132424,0.017342,0.199099,22.733356,0.021759,77.761858,0.007987,16.914652,0.350739,1687.900393,5883.346124,0.125702,6017.159858,0.128561,5.466085,5.521956,5.982482,0.0189
23,24,28,0.096907,53.507344,0.024278,69.35788,0.003062,7.932508,1.263173,3129.058158,569.191346,0.11298,425.293767,0.084417,6.562165,12.056034,6.908685,0.010246,0.05539,92.033895,0.022696,71.016452,0.002064,4.609862,2.131547,5495.011695,569.463033,0.112877,330.969078,0.065603,6.476169,19.478618,7.248513,0.00811,0.178107,25.003978,0.0208,79.370724,0.006303,15.023344,0.382924,1918.156325,635.907319,0.126473,625.959825,0.124495,5.488699,6.07421,6.161329,0.016927,0.15029,34.760369,0.021079,76.323983,0.005808,12.042656,0.537265,2539.4444,699.018032,0.140056,534.358044,0.107064,4.917928,9.466986,6.291102,0.015751,0.198299,21.153601,0.020608,78.273975,0.00661,16.522402,0.329937,1597.162157,614.491444,0.122263,684.904895,0.136272,5.6243,5.006828,6.042676,0.018154,0.156101,35.536029,0.019247,76.744396,0.005237,13.137159,0.529787,2618.120296,747.296237,0.149579,509.096077,0.101901,4.348004,9.45166,6.179862,0.016793,0.191397,23.326865,0.020422,77.808762,0.00713,16.098346,0.349331,1752.816963,673.717744,0.134771,638.84957,0.127795,4.888983,5.583879,5.911173,0.020156,0.172711,31.565653,0.02022,76.88791,0.005797,14.530792,0.476668,2313.643715,738.210969,0.14776,548.557646,0.109799,4.556222,8.69214,6.029635,0.018695,0.214038,19.737934,0.020776,78.133227,0.007287,18.20267,0.307075,1457.5357,637.982449,0.12724,699.716394,0.139553,5.397571,4.693313,5.854206,0.020804
24,25,30,0.073521,62.34414,0.020812,78.36535,0.001966,6.400679,1.473269,4028.991657,4388.471904,0.110285,3327.574789,0.083624,6.213577,14.480219,7.052724,0.009909,0.047107,83.096138,0.02089,78.465512,0.001211,3.919405,2.004364,5612.020454,4374.139784,0.109911,3008.432771,0.075594,6.237083,17.727184,7.239706,0.008841,0.141691,36.488158,0.022282,77.765072,0.00595,11.626237,0.551125,2809.034878,5199.557736,0.131985,4135.196421,0.104968,5.348622,9.832477,6.400266,0.014583,0.132792,38.005399,0.022888,78.115257,0.005842,10.88619,0.593921,2914.091633,5108.235,0.129483,4036.657601,0.102321,5.547108,9.933479,6.474148,0.013885,0.169158,29.03736,0.021392,77.477234,0.006724,14.237985,0.44803,2137.831954,5215.411472,0.132371,4533.045736,0.115052,5.231117,7.481844,6.138,0.017283,0.139769,37.358488,0.021814,78.017559,0.00555,11.6482,0.573268,2817.982543,5152.646181,0.130745,4079.621923,0.103517,5.395678,10.168389,6.440788,0.014119,0.179205,28.861612,0.021988,77.62041,0.007423,15.04389,0.439249,2141.635493,5187.917983,0.131733,4565.278401,0.115923,5.335009,7.853465,6.12938,0.01732,0.175263,29.77423,0.021404,77.79267,0.006725,14.984827,0.459168,2196.930577,5080.446848,0.128864,4518.99168,0.114622,5.443676,8.175607,6.19896,0.016463,0.19171,26.299589,0.021434,77.549601,0.007435,16.358268,0.402334,1937.43202,5124.029852,0.130071,4779.193634,0.121318,5.379845,7.084872,6.049761,0.018131
25,26,32,0.067878,104.723382,0.019033,71.782584,0.001548,6.687422,1.910144,6471.083525,2821.388596,0.161851,992.996329,0.056964,4.320749,24.647989,6.974985,0.009954,0.044437,162.484842,0.018786,72.687127,0.000986,4.682755,2.93793,10154.207338,2765.031465,0.158764,799.358291,0.045898,4.331564,37.524382,7.266088,0.007986,0.126388,45.132326,0.019577,76.780449,0.005147,10.246259,0.649318,3385.435211,2886.560554,0.165211,1560.052541,0.089289,3.886851,11.481437,6.148269,0.017667,0.114374,55.901366,0.020507,76.83563,0.004949,9.397012,0.827957,4098.104662,3013.332759,0.173001,1377.038351,0.079058,4.092888,14.613843,6.32246,0.015931,0.165059,30.471062,0.020325,76.462721,0.005979,13.857582,0.463528,2224.094669,2526.892361,0.144369,1915.949894,0.109464,4.544995,7.49979,6.010777,0.018913,0.112708,50.390602,0.019752,76.983897,0.004463,9.326822,0.735081,3760.346648,2941.428653,0.168563,1469.04149,0.084186,3.913242,12.316398,6.263325,0.016487,0.153738,35.051578,0.02017,75.94614,0.005636,12.905745,0.525412,2550.894734,2716.464027,0.154987,1776.971815,0.101385,4.185609,8.878782,5.994496,0.01934,0.154203,37.379166,0.01989,76.079849,0.005845,13.075997,0.552135,2735.931165,2742.375323,0.157309,1701.771411,0.097618,4.249046,9.791514,6.057278,0.018328,0.175321,29.734118,0.020882,76.910592,0.007096,14.65476,0.445066,2185.542333,2546.490516,0.14548,1925.982975,0.110031,4.579959,7.490694,5.959416,0.019544
26,27,33,0.065711,64.6,0.023273,81.05589,0.002534,5.292684,1.224865,5181.691977,1406.41589,0.110091,1031.778239,0.080765,6.442807,12.988569,7.105418,0.009013,0.046482,84.157474,0.021401,88.021623,0.001891,3.867807,1.396196,7521.482607,1351.287057,0.105867,924.800063,0.072454,6.987775,15.713094,7.303313,0.007758,0.139698,32.098223,0.021205,78.16106,0.005374,11.512727,0.486974,2483.551412,1699.712314,0.134855,1391.345446,0.110389,4.971976,7.498071,6.284098,0.016142,0.133506,32.757643,0.022947,78.289359,0.005801,10.349695,0.511827,2566.718303,1602.930326,0.126624,1389.65566,0.109776,5.456032,7.528032,6.398324,0.014699,0.183331,23.679621,0.020659,77.584123,0.00625,15.332477,0.373053,1744.892654,1588.611532,0.125483,1603.992417,0.126698,5.469684,5.561351,6.077784,0.017879,0.145539,31.099566,0.022979,78.212544,0.006526,11.700126,0.488481,2384.253728,1596.892387,0.125988,1412.007811,0.111401,5.607355,7.309031,6.364616,0.014974,0.185914,23.546964,0.02069,78.149035,0.006338,16.032578,0.368495,1742.681926,1607.907021,0.127127,1603.481183,0.126777,5.407611,5.55563,6.017438,0.018712,0.1843,23.440956,0.022336,77.64763,0.007049,15.589597,0.374981,1732.108149,1563.306066,0.123318,1633.697168,0.128871,5.640818,5.581881,6.083559,0.017897,0.198793,21.339957,0.02133,77.109572,0.007326,16.958753,0.336476,1566.8092,1601.11923,0.126761,1696.105059,0.134281,5.338587,4.919849,5.944434,0.019596
27,28,35,0.129147,46.47788,0.035701,52.855615,0.005986,9.904891,1.818485,1808.60282,241.93826,0.117617,182.795819,0.088865,6.308329,12.041467,6.704695,0.011654,0.112843,53.55615,0.036567,52.002917,0.004206,9.386886,2.33931,2005.80457,241.246962,0.117281,169.511424,0.082407,6.405955,13.48608,6.810906,0.011103,0.16655,31.665692,0.020293,75.941033,0.00576,13.989527,0.487629,2320.44883,294.37232,0.143456,221.340156,0.107866,4.77224,7.964168,6.095493,0.018088,0.174479,32.897561,0.020164,79.283902,0.006894,15.944009,0.48557,2467.356098,287.390244,0.14019,215.508293,0.105126,4.920622,8.987846,6.155905,0.016591,0.201633,22.193237,0.021966,80.370531,0.008193,17.270225,0.334707,1713.248792,264.55942,0.127806,268.851208,0.12988,5.535495,5.27611,5.981004,0.019333,0.154091,41.703631,0.019696,73.41315,0.005496,12.877793,0.661786,2798.705594,351.238469,0.172345,191.147203,0.093792,4.077702,11.706779,6.011308,0.01915,0.196469,27.943689,0.021045,76.508252,0.007395,15.97636,0.409138,2084.028641,311.899029,0.151407,237.208738,0.11515,4.431449,7.632478,5.803217,0.021776,0.186012,29.630297,0.023644,77.583536,0.007914,15.851416,0.444187,2226.062835,296.543108,0.144444,227.027277,0.110583,4.898153,7.851004,5.983857,0.019073,0.195332,24.384541,0.0198,76.538649,0.006705,16.565722,0.374306,1754.974234,286.621779,0.13934,259.940204,0.126369,4.60648,6.310675,5.866337,0.020556
28,29,36,0.12917,53.024075,0.050077,54.320017,0.005468,8.830021,4.489878,1491.700552,2922.321803,0.096641,3112.045339,0.102915,9.632877,19.766287,6.856471,0.010534,0.12315,52.753166,0.051876,54.143821,0.005167,8.373529,4.624175,1535.310328,2871.792288,0.09497,3086.067694,0.102056,9.677474,18.966929,6.896827,0.010363,0.181353,30.287089,0.022828,78.816463,0.007801,15.132748,0.454841,2321.438771,3780.223779,0.125827,3517.256166,0.117074,5.8395,9.016334,6.2578,0.015667,0.177143,32.61761,0.023098,78.622609,0.007902,14.689314,0.48997,2480.645871,3822.565953,0.127393,3356.175965,0.11185,5.750901,9.845191,6.296576,0.015227,0.192329,26.238883,0.021991,77.395526,0.00753,16.286051,0.408012,1921.414728,3789.935529,0.12634,3675.368491,0.12252,5.59027,7.201157,6.106661,0.017454,0.181269,29.909012,0.021825,77.977744,0.006562,16.146819,0.465944,2208.746094,3809.532001,0.126921,3500.792437,0.116635,5.701405,8.745334,6.238375,0.016041,0.181722,26.760459,0.021405,78.375946,0.007176,14.745662,0.399393,2035.940265,3872.022701,0.129072,3664.265709,0.122146,5.354053,7.182363,6.088363,0.017874,0.196541,26.766936,0.022345,78.754655,0.008691,15.966221,0.399662,2024.725889,3804.776347,0.12697,3659.296803,0.122115,5.539866,7.628428,6.112827,0.017343,0.182466,27.813332,0.020115,76.682986,0.006055,16.196754,0.427948,2005.870859,4092.700489,0.136962,3498.31283,0.117071,4.872647,7.329242,6.004878,0.0188
29,30,37,0.116099,49.374041,0.022653,70.643477,0.003648,10.426498,0.972962,3031.971471,777.983984,0.129794,510.503837,0.085169,5.498595,11.53738,6.708085,0.011877,0.102403,55.08774,0.020766,72.740951,0.00277,9.949401,1.047646,3458.525438,793.315596,0.13233,485.756297,0.081027,5.333975,12.547753,6.742938,0.011652,0.196621,25.984164,0.021353,78.973329,0.007001,16.913921,0.39349,1957.693782,792.995333,0.132188,710.815969,0.118489,5.203585,6.753914,5.992048,0.019094,0.178203,31.255405,0.019766,80.635328,0.006806,14.947797,0.439393,2450.015251,850.865594,0.142595,637.883526,0.106902,4.711573,8.142305,6.032176,0.01849,0.187944,25.711452,0.02109,77.182364,0.006706,15.831142,0.396587,1889.185698,785.082347,0.130869,721.899483,0.120337,5.188596,6.466579,6.02256,0.018357,0.186418,28.461166,0.020926,76.400534,0.006599,16.26862,0.44291,2049.833974,825.060464,0.137809,676.549357,0.113003,4.908101,7.410435,6.023861,0.018636,0.195689,23.598766,0.0201,79.37873,0.006642,16.221738,0.351942,1811.354726,753.878813,0.125667,763.676446,0.127301,5.373996,5.923463,6.006902,0.018564,0.176532,29.983618,0.019424,75.924607,0.005615,14.695962,0.446961,2199.20545,880.346372,0.147166,651.50117,0.10891,4.298464,7.529771,5.912733,0.020104,0.172161,31.341969,0.019327,75.798095,0.005822,14.391074,0.46992,2263.071703,902.509276,0.150846,639.819656,0.10694,4.147798,8.024192,5.898962,0.020078
30,31,38,0.13975,39.918676,0.022456,101.387657,0.008702,10.591221,0.433565,4452.711347,404.881067,0.130145,292.278046,0.09395,6.50841,9.340726,6.491646,0.013886,0.136813,42.095468,0.021946,103.928319,0.008407,10.205436,0.437935,4896.769849,402.696561,0.129443,282.611058,0.090843,6.705296,9.728841,6.510481,0.01368,0.21063,20.505747,0.022772,78.779374,0.008251,17.992235,0.316143,1580.562261,381.680715,0.121865,424.904853,0.135666,5.805668,4.896688,5.981702,0.018644,0.195666,24.416986,0.024508,76.118455,0.008123,15.783725,0.387748,1847.892401,401.243934,0.128111,397.727331,0.126988,5.535924,6.460174,6.065515,0.018027,0.210252,18.867305,0.021472,79.472089,0.007207,17.769053,0.297527,1425.477193,382.252313,0.121931,456.678469,0.145671,5.709469,4.364206,5.916431,0.020004,0.20109,21.858054,0.022187,77.730463,0.007296,17.380281,0.350316,1620.198086,390.222329,0.124473,416.170016,0.13275,5.656591,5.341025,6.015151,0.018532,0.215305,19.952502,0.02339,78.719796,0.009831,17.651833,0.305149,1527.614281,386.978323,0.123359,444.497609,0.141695,5.668255,4.993337,5.920078,0.019874,0.217644,20.655701,0.022183,78.599808,0.008945,18.263673,0.316937,1557.9687,407.65602,0.1302,419.417119,0.133956,5.322709,5.013941,5.920801,0.019551,0.231208,16.721301,0.021496,75.01148,0.007645,19.169999,0.279295,1182.013393,371.374362,0.118423,480.074617,0.153085,5.77592,3.842907,5.841149,0.020556
31,32,39,0.083148,61.254307,0.037038,64.195863,0.003331,6.084794,3.139732,2791.421965,1811.166286,0.092045,1652.376124,0.083975,9.752659,16.116696,7.162856,0.00846,0.078587,63.804289,0.035518,66.450374,0.002989,5.881726,3.169227,3061.923667,1783.401992,0.090634,1617.337145,0.082194,10.059639,16.720435,7.210026,0.008228,0.177226,27.721269,0.022316,78.273442,0.007475,14.718689,0.421431,2109.862021,2498.896991,0.12832,2299.883229,0.1181,5.533758,7.245575,6.176317,0.016933,0.159048,32.775505,0.022504,77.877936,0.007015,13.244332,0.495418,2499.509123,2564.816621,0.13182,2137.319371,0.109848,5.391401,8.919533,6.302417,0.015585,0.191025,24.062494,0.022096,77.823756,0.007647,16.31461,0.375234,1785.739097,2429.279528,0.124642,2468.707132,0.126665,5.667927,6.055992,6.058915,0.018139,0.163775,33.223022,0.021754,77.109248,0.006343,14.086035,0.504852,2487.744574,2560.450777,0.131697,2123.475157,0.109221,5.352437,9.365913,6.265931,0.015813,0.181774,25.728636,0.021244,78.325596,0.006743,15.292149,0.395422,1924.585251,2472.408689,0.126973,2376.23069,0.122033,5.47369,6.464687,6.067732,0.017936,0.186573,27.21116,0.021588,77.668964,0.007914,15.238341,0.409061,2030.945076,2570.026074,0.132169,2285.398457,0.117531,5.215555,7.107846,6.064943,0.017917,0.186677,25.541215,0.020579,76.75389,0.00655,15.98139,0.396985,1847.922397,2587.911612,0.132911,2350.576498,0.120722,5.053327,6.309988,5.981058,0.019032
32,33,1001,0.070965,81.556375,0.023677,70.811876,0.001476,5.670351,3.113277,3697.882279,5959.14543,0.10359,4520.586448,0.078583,7.206219,25.729298,7.094696,0.009487,0.049479,90.648014,0.021493,75.631469,0.000892,4.013141,3.21458,4908.1367,5997.572764,0.104229,4378.788433,0.076097,6.887538,25.016108,7.154384,0.009289,0.098828,50.788065,0.023018,78.576619,0.004202,7.756802,0.802509,4031.986164,6902.784851,0.120585,5525.594892,0.096527,6.000174,14.423651,6.805939,0.011184,0.10567,58.193343,0.022606,78.729443,0.004914,8.437094,0.856921,4516.290929,7869.593821,0.138447,4947.512403,0.08704,5.397558,18.058459,6.706573,0.011759,0.148261,34.976829,0.021697,77.609809,0.005942,12.638448,0.54053,2597.093861,7345.118981,0.128936,6229.796777,0.109358,5.571382,9.774902,6.361859,0.014916,0.112578,52.744507,0.023601,78.498982,0.005324,9.06692,0.79455,4073.236609,7595.905862,0.133308,5165.561285,0.090656,5.65045,16.036816,6.685858,0.011846,0.151617,36.737012,0.021434,77.597129,0.005842,13.130072,0.566132,2706.793983,7392.225288,0.129743,6082.757617,0.10676,5.595756,10.787057,6.388534,0.014488,0.147795,39.557849,0.022308,77.529504,0.005978,12.534946,0.610846,2921.856413,7454.576594,0.130837,5869.568976,0.103018,5.620735,11.939666,6.435189,0.013991,0.180995,28.686681,0.021663,77.961182,0.007275,15.509489,0.439582,2120.691685,7268.842691,0.127618,6705.257839,0.117723,5.563067,7.958435,6.173105,0.016664
33,34,1002,0.074281,60.548093,0.023487,80.742633,0.004135,5.32804,0.995525,5093.294465,1598.857143,0.119585,1093.098878,0.081758,6.046239,12.492192,6.993311,0.010144,0.052673,79.095672,0.022302,82.096121,0.002574,3.626939,1.279547,6828.829359,1579.067718,0.118026,980.379924,0.073278,6.191769,15.5362,7.165573,0.009031,0.117966,38.39494,0.022003,77.461602,0.004812,10.055019,0.621569,2870.580287,1694.47076,0.127203,1350.346746,0.10137,5.530932,8.763137,6.528253,0.013513,0.128378,37.119437,0.021247,77.727163,0.005074,10.614451,0.577408,2803.878379,1757.078922,0.13232,1355.456962,0.102075,5.18562,9.080262,6.463249,0.013899,0.168158,27.748048,0.022207,78.06479,0.006784,14.171949,0.438209,2070.117943,1687.336036,0.126677,1556.328228,0.116841,5.545245,6.717699,6.230252,0.016138,0.142942,34.69034,0.021314,77.546043,0.005474,11.955425,0.542411,2598.02889,1729.18703,0.130092,1398.660999,0.105226,5.313947,8.708879,6.403671,0.014582,0.178714,27.643029,0.020428,77.554125,0.006043,15.075306,0.424159,2050.721394,1735.229901,0.130626,1549.365553,0.116634,5.282368,7.103383,6.136755,0.017086,0.169614,27.442641,0.021134,78.156412,0.006325,14.320246,0.423212,2062.544813,1711.044474,0.128544,1560.423935,0.117228,5.378632,6.725133,6.185839,0.016653,0.197337,24.047969,0.021697,77.483297,0.007659,16.654652,0.370361,1787.783575,1680.281285,0.126138,1684.443285,0.12645,5.487671,6.226655,6.054811,0.018183
34,35,1003,0.066356,74.476794,0.0229,75.72319,0.001858,6.213751,1.497067,5195.853715,1709.689054,0.13541,921.882782,0.073015,5.191662,16.887135,7.000787,0.010039,0.047332,102.309175,0.021499,76.362382,0.001592,4.581801,1.789284,7240.110856,1721.146697,0.13648,790.934184,0.062718,5.162027,22.333589,7.173671,0.008871,0.113599,44.872492,0.021878,78.352267,0.005001,9.300721,0.689199,3418.709196,1678.399589,0.132596,1197.960183,0.094641,5.240175,11.52912,6.589105,0.012745,0.122839,41.396176,0.02149,77.90621,0.005346,9.863799,0.617707,3177.787216,1733.875474,0.137,1252.795196,0.098988,4.98708,10.874392,6.440969,0.014111,0.159434,30.028183,0.02081,77.095287,0.006151,13.205918,0.458893,2229.60101,1693.32336,0.13368,1440.049814,0.113685,5.166355,7.57299,6.185657,0.016805,0.129652,40.377975,0.021557,78.250376,0.00505,10.399442,0.607114,3111.12333,1708.752075,0.13509,1244.602814,0.098395,5.150512,10.708254,6.489001,0.013685,0.169983,29.440268,0.02129,77.202764,0.006687,14.408322,0.454642,2157.862061,1690.658902,0.133491,1445.188077,0.114109,5.201542,7.646521,6.164464,0.017073,0.154154,34.930102,0.021002,77.167629,0.006028,12.938624,0.526386,2591.698347,1751.929074,0.138525,1327.691547,0.104981,5.01505,9.545938,6.247637,0.015898,0.193198,25.953042,0.021509,77.28072,0.007762,16.122937,0.395316,1916.154526,1691.849972,0.133521,1520.448978,0.119994,5.153428,6.724357,6.004234,0.018759
35,36,1004,0.104748,55.310383,0.018915,103.108415,0.004557,7.524766,0.593674,6697.473005,480.351694,0.104995,366.52612,0.080115,7.462153,13.453018,6.982194,0.009444,0.08825,69.21907,0.018521,110.795549,0.004603,6.458047,0.683587,9207.997818,454.065241,0.099076,334.621209,0.073014,8.336804,18.094854,7.218866,0.008187,0.129153,39.206972,0.020437,76.196448,0.004561,10.93501,0.637157,2840.468318,612.550099,0.134302,454.375576,0.099622,5.01776,9.995803,6.514938,0.013483,0.14139,41.85777,0.022388,77.994513,0.006299,11.396604,0.647671,3180.59899,614.506146,0.134878,432.322651,0.094891,5.262368,11.680159,6.576227,0.012943,0.192313,24.922271,0.022442,78.409607,0.007685,16.571651,0.392191,1848.917031,599.545852,0.130905,568.623581,0.124154,5.40788,6.454797,6.105286,0.0177,0.152465,29.306684,0.023933,77.054827,0.006851,12.069038,0.482942,2175.463303,581.299694,0.126977,536.802534,0.117257,5.649005,7.185052,6.325707,0.015473,0.199686,21.071772,0.020173,77.632166,0.006339,17.071333,0.327188,1560.152079,587.487965,0.128553,616.454705,0.134892,5.233293,4.790459,5.920113,0.019859,0.19118,24.286089,0.021651,77.485127,0.007185,16.580263,0.375062,1816.562117,587.090989,0.12841,569.448381,0.124551,5.435775,6.016635,6.080839,0.01786,0.222105,20.139917,0.02107,77.318152,0.007998,18.598673,0.308043,1504.004817,589.775564,0.129139,623.917889,0.136614,5.200235,4.950917,5.881491,0.02015
36,37,1005,0.085773,47.069738,0.021629,78.288301,0.003128,6.883718,0.793355,3689.670597,1397.235661,0.117682,1120.429462,0.094368,6.006082,9.810708,6.825082,0.011273,0.059319,64.40342,0.021811,78.151883,0.00301,4.543123,1.078084,5057.860079,1403.878106,0.118261,989.483531,0.083353,6.00567,13.001852,7.032474,0.010016,0.129451,31.434042,0.023221,78.765351,0.005197,10.910708,0.516573,2421.410425,1430.200405,0.120631,1371.267375,0.11566,5.90323,7.032642,6.430067,0.014524,0.128573,32.995423,0.021064,77.542596,0.004835,10.615152,0.519812,2504.956175,1502.190472,0.127337,1318.004323,0.111724,5.388393,7.720022,6.408049,0.014608,0.183259,23.08479,0.0218,77.57833,0.00655,15.715936,0.371833,1707.863103,1448.324888,0.122314,1534.982772,0.129633,5.731911,5.314874,6.11136,0.017553,0.134674,33.633576,0.020975,78.062256,0.004936,11.062505,0.529966,2528.008386,1524.588684,0.129137,1276.970523,0.108163,5.376739,8.02857,6.398484,0.014754,0.181742,23.493737,0.021573,77.457177,0.006878,15.427713,0.37091,1752.569567,1465.832769,0.124055,1506.18568,0.12747,5.56067,5.432676,6.112792,0.017564,0.178839,24.382631,0.021738,78.070658,0.006404,15.211367,0.395163,1801.169983,1424.339629,0.120096,1522.570489,0.128379,5.87225,6.080683,6.202556,0.016424,0.204657,20.245669,0.022349,77.750275,0.008659,17.496262,0.318485,1507.741824,1443.137243,0.121959,1633.182709,0.138019,5.706288,4.649411,5.964928,0.019256
37,38,1006,0.097664,38.892192,0.02117,74.502198,0.002803,8.541048,0.801254,2572.305972,875.676319,0.113195,813.492761,0.105157,6.296719,7.624203,6.667425,0.012447,0.063743,58.29757,0.01964,77.078594,0.001643,5.771216,1.116552,4033.62332,910.023009,0.117635,675.835057,0.087362,6.036532,11.346022,6.920223,0.010625,0.129222,28.800284,0.021763,77.88632,0.004727,10.608576,0.487848,2188.134866,906.163416,0.11706,940.21638,0.121459,6.023411,5.722816,6.397625,0.014863,0.141167,29.846413,0.022406,78.641673,0.00546,11.495687,0.478628,2327.019296,931.23569,0.120595,893.934473,0.115765,5.800466,6.853134,6.38989,0.01462,0.181573,22.732623,0.021517,76.712096,0.006599,15.074878,0.369989,1657.222164,939.096921,0.122008,1011.284007,0.131387,5.64437,5.23682,6.078923,0.017871,0.150021,28.798578,0.022232,78.681577,0.005631,12.289396,0.46469,2214.604266,926.669037,0.119802,918.035553,0.118686,5.871154,6.897146,6.387694,0.014787,0.184515,22.851315,0.021633,77.264862,0.00727,15.336584,0.364204,1683.054009,934.620775,0.121049,1008.752623,0.130651,5.74072,5.329918,6.098324,0.017416,0.174747,24.169215,0.021978,77.540814,0.006255,14.703933,0.391701,1806.546774,930.422389,0.120552,992.134232,0.128548,5.789949,5.776475,6.181012,0.016684,0.206477,21.865854,0.021751,77.696549,0.007537,17.433042,0.341269,1622.9459,965.911261,0.125313,1010.136741,0.13105,5.55017,5.300489,5.961012,0.019338
38,39,1007,0.052374,94.273003,0.022193,81.903863,0.003193,3.333304,1.306032,8558.856771,1236.333767,0.134151,594.409939,0.064498,4.892573,18.973696,7.062543,0.009494,0.041137,111.255504,0.020714,88.677801,0.003372,2.523867,1.378654,11008.765644,1182.37664,0.128227,564.002277,0.061165,5.344128,21.857566,7.194178,0.008735,0.105043,52.83632,0.021634,77.344526,0.003481,9.267346,0.818108,4044.718527,1283.361909,0.138562,780.811056,0.084303,5.160587,13.486504,6.690335,0.012097,0.124234,41.394683,0.023452,77.590835,0.005539,10.436187,0.653027,3121.44645,1258.178212,0.135975,882.184481,0.09534,5.275599,10.345952,6.498165,0.013775,0.164099,32.031128,0.021046,78.108517,0.006542,14.197662,0.48803,2354.588197,1279.160614,0.138258,991.422395,0.107158,5.044086,8.256545,6.159901,0.016953,0.126339,37.080793,0.021472,77.947431,0.005007,10.701114,0.592183,2745.482495,1204.556609,0.129759,953.999892,0.102768,5.304082,9.003238,6.460397,0.013969,0.168543,28.853201,0.021619,76.964001,0.006673,14.406322,0.4517,2115.488252,1227.207588,0.132271,1057.462384,0.113975,5.242563,7.131051,6.152943,0.017073,0.15952,29.300355,0.02146,78.232641,0.006242,13.565186,0.455795,2180.543546,1211.526644,0.130426,1064.657875,0.114615,5.314022,7.304669,6.182671,0.016725,0.192169,24.47753,0.021866,76.926177,0.008019,16.346069,0.378184,1794.632396,1216.631857,0.131117,1139.236448,0.122776,5.209246,5.891665,5.970181,0.019185
39,40,1008,0.064968,71.642104,0.023663,82.130944,0.004112,4.281685,1.055114,6315.058939,2233.200651,0.125236,1330.732952,0.074626,5.685184,14.962282,7.025279,0.009849,0.053822,92.407341,0.021317,89.939423,0.00347,3.429796,1.216204,9093.82645,2124.849033,0.119073,1163.171477,0.065182,6.293561,20.130188,7.281533,0.008251,0.103136,40.463884,0.021447,77.643373,0.004006,8.600524,0.66382,3070.420299,2236.271415,0.12512,1787.537683,0.100013,5.511743,8.619386,6.603722,0.012851,0.121777,39.440975,0.021885,77.591879,0.004832,9.964767,0.616298,3021.533809,2379.20611,0.133618,1759.752106,0.098829,5.168013,9.440654,6.487186,0.01382,0.16558,27.700202,0.021228,77.927352,0.005821,14.264283,0.43555,2059.517965,2299.462946,0.129096,2109.735122,0.118445,5.371618,6.783907,6.174253,0.016966,0.122393,36.928756,0.021131,77.916807,0.004348,10.069737,0.573995,2816.867441,2295.248177,0.128758,1849.89319,0.103775,5.35749,8.83269,6.476606,0.013834,0.172946,25.250182,0.020652,77.35151,0.006033,14.480261,0.394349,1871.410693,2272.617777,0.127367,2198.744886,0.123227,5.334271,5.914932,6.106384,0.017625,0.166622,28.496268,0.020834,78.142601,0.006344,13.92771,0.438856,2116.130928,2300.953196,0.129129,2056.977664,0.115437,5.308029,7.067147,6.197182,0.016487,0.193788,24.892107,0.021189,77.29881,0.007474,16.434578,0.382123,1829.165432,2335.602897,0.131111,2170.756484,0.121857,5.21667,6.241579,5.98627,0.018907
40,41,1009,0.127965,31.609091,0.023995,78.317727,0.0051,10.062317,0.538057,2396.783182,265.881818,0.120855,246.300909,0.111955,6.029086,6.472541,6.407269,0.014854,0.089454,46.137398,0.023726,82.441765,0.005462,6.26216,0.737841,3644.821201,260.653321,0.118587,206.292994,0.093855,6.209323,9.545356,6.696083,0.011896,0.189842,22.18505,0.021983,79.756609,0.00598,16.607706,0.36788,1654.548769,260.731996,0.118839,292.719234,0.133418,6.159917,5.260489,6.148501,0.017175,0.175045,22.716758,0.021902,79.283698,0.007014,15.11678,0.378103,1703.132514,257.269581,0.117154,288.826958,0.131524,6.031613,4.897287,6.176442,0.01679,0.218526,17.231646,0.021663,77.475148,0.007392,18.72429,0.287295,1252.980848,261.841769,0.119399,333.682171,0.152158,5.917281,3.706827,5.84626,0.021017,0.156204,30.660239,0.0235,79.487603,0.007876,12.274644,0.449177,2459.294766,291.573921,0.133872,239.299357,0.109871,5.265185,7.303566,6.241318,0.016189,0.21139,21.577697,0.023585,77.865631,0.009111,17.577873,0.340521,1599.247715,287.680073,0.131481,288.630713,0.131915,5.506815,5.350203,5.908392,0.020257,0.21915,22.050801,0.021502,77.801831,0.00794,18.82389,0.338836,1633.343249,285.875973,0.130836,284.469108,0.130192,5.361087,5.641813,5.92811,0.019621,0.243155,17.858834,0.022427,77.945355,0.009303,21.305043,0.284796,1307.629326,267.349727,0.121744,324.734973,0.147876,5.881028,4.554279,5.851733,0.020379
41,42,1010,0.091675,51.461538,0.041919,55.616921,0.003716,6.459799,2.515681,2173.454331,915.656268,0.108195,752.216117,0.088883,9.380777,11.949849,7.006028,0.010226,0.059759,76.50922,0.035115,58.091608,0.001848,4.108891,3.011974,3679.12896,967.131678,0.114318,621.802364,0.073499,8.851361,16.90571,7.214144,0.008969,0.164676,26.660292,0.022126,81.126618,0.006571,13.532067,0.400468,2181.094548,1010.359306,0.120009,1038.141228,0.123309,6.014821,6.604917,6.331555,0.015178,0.151981,30.810466,0.022212,81.478603,0.006057,12.541414,0.453886,2505.435928,1046.208964,0.124712,960.721063,0.114522,5.84729,7.903248,6.37499,0.014726,0.199889,19.911061,0.021949,77.285748,0.007735,16.951787,0.317834,1466.10918,1020.81593,0.12154,1184.562805,0.141036,5.78774,4.599759,5.979769,0.019033,0.152587,32.616716,0.021632,78.072358,0.005659,12.349973,0.491323,2542.265552,1122.422328,0.134021,916.984478,0.109491,5.26409,8.506564,6.335847,0.015265,0.198532,22.47396,0.021004,79.017876,0.007301,16.952358,0.349795,1668.190561,1059.613038,0.12628,1097.563699,0.130802,5.621727,5.523042,6.051399,0.018341,0.191729,23.740926,0.021533,78.493038,0.006973,16.231385,0.373933,1754.436154,1062.736047,0.126471,1067.953707,0.127092,5.733336,5.928166,6.104551,0.017519,0.212577,20.089872,0.021738,77.760699,0.007964,17.936921,0.314108,1493.110913,1038.881122,0.1235,1160.034475,0.137902,5.633923,4.841645,5.942662,0.019324
42,43,1012,0.091488,63.852954,0.021893,77.22664,0.003182,7.191082,1.095936,4725.302606,1732.310677,0.128262,1036.708722,0.076759,5.945089,15.713646,7.024591,0.009857,0.05978,99.553286,0.021765,77.154381,0.002138,4.644405,1.733029,7266.98579,1758.428656,0.130138,839.562019,0.062135,5.979834,24.277885,7.31238,0.008031,0.165496,32.389823,0.020551,76.793693,0.00586,13.74396,0.483727,2436.186206,1852.116342,0.138393,1454.897631,0.108712,4.857743,8.785022,6.219302,0.016426,0.147961,36.766844,0.021784,76.212293,0.00592,11.94453,0.56439,2733.286996,1862.053466,0.13924,1380.257609,0.103212,4.93971,10.167228,6.359246,0.015074,0.193539,25.568144,0.020798,77.03926,0.006391,16.515358,0.39473,1875.976265,1779.526198,0.13282,1626.165398,0.121374,5.056738,6.667262,6.044345,0.018219,0.147594,36.121918,0.020985,75.725459,0.004965,12.451265,0.56891,2623.212386,1854.496489,0.13854,1359.421485,0.101555,5.031608,9.434421,6.374749,0.014878,0.199893,23.965055,0.021368,77.618359,0.007527,16.654604,0.365846,1789.840548,1757.619626,0.13096,1671.519335,0.124545,5.145887,6.037992,6.02512,0.018461,0.192965,25.525524,0.021043,77.419852,0.006958,16.127354,0.396209,1873.259632,1721.824801,0.128312,1653.816156,0.123244,5.279394,6.820011,6.12327,0.017174,0.220667,21.466662,0.021229,77.582993,0.007939,18.913532,0.33256,1576.831933,1714.951089,0.127477,1768.92537,0.131489,5.406898,5.476769,5.942136,0.019356
43,44,1013,0.111567,40.816482,0.024192,79.225425,0.0056,7.829079,0.658108,3477.116996,770.065587,0.119967,631.708833,0.098412,5.80944,8.894598,6.680828,0.01234,0.083275,56.048792,0.023824,81.511458,0.004559,5.301388,0.852985,5025.630553,756.243024,0.117887,545.507249,0.085036,5.93669,12.237394,6.905128,0.010595,0.161788,26.931282,0.021859,76.771201,0.006017,13.264987,0.442968,2005.225675,799.653756,0.124887,779.563174,0.12175,5.483073,6.450816,6.30684,0.015754,0.162395,26.653744,0.023081,77.973066,0.005674,13.746587,0.466267,1963.321968,791.184026,0.12318,780.332088,0.12149,5.861952,6.134523,6.32097,0.015532,0.183913,25.220379,0.020516,77.913445,0.006411,15.158839,0.38535,1884.673188,850.194553,0.133072,795.365941,0.12449,5.070199,6.459779,6.081927,0.017852,0.167556,26.092954,0.021006,78.430714,0.00547,13.933348,0.416936,1974.342915,800.944071,0.125128,775.356507,0.121131,5.49255,6.002224,6.252954,0.016179,0.214882,19.92651,0.021782,78.705258,0.008357,18.046704,0.309598,1503.995631,788.022936,0.122956,885.753316,0.138205,5.658645,4.755551,5.975929,0.019045,0.220738,19.956698,0.021695,77.778505,0.008057,18.388779,0.313067,1490.356698,776.76729,0.120992,890.67757,0.138735,5.750763,4.998358,6.018997,0.018478,0.22179,19.498359,0.02174,76.536033,0.008313,18.273886,0.308427,1433.010317,802.1199,0.12539,890.027669,0.139132,5.465097,4.684825,5.919658,0.019835
44,45,1014,0.064163,76.495962,0.021676,79.018534,0.002251,5.005359,1.480331,5473.502278,1147.024643,0.118764,720.203355,0.074571,6.218308,17.671604,7.154654,0.009226,0.044585,96.105345,0.020634,82.347152,0.001892,3.301547,1.741773,7400.950687,1118.198594,0.1156,662.434508,0.068483,6.583562,20.109417,7.312995,0.008276,0.154289,30.204716,0.02293,77.40578,0.006803,12.469375,0.466838,2331.365296,1224.111227,0.127724,1100.157346,0.114791,5.419833,7.578733,6.321022,0.015408,0.140164,38.795871,0.022009,80.025568,0.00636,11.262326,0.564749,3076.499843,1287.548674,0.134921,978.363722,0.102522,5.244668,10.886523,6.448469,0.014188,0.194889,25.769987,0.020596,77.97635,0.006491,16.602299,0.395561,1900.454374,1255.993303,0.131435,1154.574508,0.120822,5.223805,6.784251,6.077697,0.017721,0.138522,36.741652,0.02302,77.889563,0.005872,11.171635,0.559302,2853.890192,1271.862347,0.133137,998.321679,0.104503,5.278756,9.804541,6.388271,0.014703,0.187775,26.104169,0.021363,78.034479,0.007206,15.939497,0.402547,1921.617177,1257.922161,0.131431,1159.593877,0.121157,5.324602,6.87396,6.081324,0.017878,0.171346,33.736312,0.019645,76.908013,0.005463,14.801024,0.508437,2460.726767,1361.908748,0.142848,1000.650304,0.104956,4.772086,9.458935,6.168854,0.016798,0.195894,24.644091,0.020604,77.755993,0.006605,16.765256,0.374038,1831.403433,1269.613839,0.132902,1191.601696,0.124736,5.116639,6.461495,5.980656,0.018953
45,46,1015,0.255217,20.143984,0.023144,107.974359,0.014998,19.252099,0.185606,2713.220907,51.078895,0.100747,69.303748,0.136694,8.958121,5.4571,6.070413,0.017728,0.251081,25.307087,0.019847,109.112205,0.01153,16.947132,0.211026,3660.911417,48.523622,0.095519,65.476378,0.128891,9.23028,8.348255,6.173869,0.016213,0.210545,19.869565,0.030711,65.27668,0.007761,15.599807,0.481343,1162.956522,56.98419,0.112617,72.837945,0.143949,7.083301,5.018138,6.023937,0.017787,0.253543,17.715415,0.02646,89.258893,0.006477,25.418914,0.31446,1540.116601,58.577075,0.115765,73.399209,0.145058,6.722027,4.43472,5.858015,0.020177,0.301963,12.614931,0.024375,82.834971,0.010397,25.217623,0.208277,1005.129666,55.699411,0.109429,93.031434,0.182773,6.984217,3.185567,5.65981,0.023479,0.217543,22.525692,0.024586,76.952569,0.01012,17.555864,0.364246,1753.920949,59.193676,0.116984,66.035573,0.130505,6.140012,5.887032,6.136961,0.016966,0.254643,15.133858,0.022106,84.033465,0.01099,20.67335,0.209865,1299.67126,58.429134,0.115018,82.740157,0.162874,6.225785,3.563147,5.735688,0.022196,0.273971,12.481336,0.025284,74.092338,0.01086,20.516067,0.228236,882.394892,54.178782,0.106442,91.333988,0.179438,6.942524,2.711106,5.752783,0.021673,0.297501,11.498039,0.029657,69.237255,0.013765,25.193262,0.2545,694.362745,52.760784,0.103453,94.956863,0.18619,7.56857,2.545037,5.642424,0.023483
46,47,1017,0.164078,26.977831,0.027664,65.536025,0.004934,13.751071,0.808056,1325.214568,141.481394,0.11202,152.942993,0.121095,7.25495,6.560026,6.331673,0.014983,0.14859,27.078989,0.03478,58.249605,0.005732,11.673544,1.118872,1168.296998,131.598736,0.103948,156.274882,0.12344,8.226947,5.726706,6.43785,0.014177,0.202329,23.149206,0.024939,75.780159,0.009436,16.630611,0.385184,1703.303968,157.722222,0.125176,160.68254,0.127526,5.818883,5.81454,6.076965,0.017755,0.206701,20.630915,0.026757,76.271293,0.010764,17.383847,0.348381,1547.211356,147.321767,0.116184,174.750789,0.137816,6.388023,4.882286,6.094905,0.017619,0.216156,24.62312,0.021318,78.012668,0.007672,18.4548,0.388558,1770.079177,161.772763,0.128086,162.195566,0.128421,5.729014,7.245509,6.049269,0.017851,0.206927,18.07959,0.026016,77.331757,0.007942,16.943027,0.339264,1313.842396,138.897557,0.109454,194.078014,0.152938,6.95169,4.204112,6.073881,0.017557,0.208854,20.39186,0.022476,75.843575,0.008978,16.444233,0.315204,1511.97925,161.726257,0.129071,174.757382,0.139471,5.138697,5.067728,5.832505,0.020668,0.216455,18.288994,0.019837,86.568488,0.007885,17.857056,0.240767,1634.194774,146.73555,0.11618,187.072842,0.148118,6.208548,4.352399,5.917324,0.020022,0.212963,22.665867,0.023875,77.008793,0.010564,17.218379,0.34604,1674.239808,176.77458,0.141307,160.430855,0.128242,4.833514,5.659309,5.769384,0.022162
47,48,1019,0.094874,78.761924,0.020574,111.267304,0.005138,6.725786,0.761763,10902.717816,786.523582,0.104494,497.990833,0.066161,8.778245,21.67082,7.234669,0.007994,0.079791,89.584893,0.018597,118.401566,0.003711,5.709527,0.773591,13768.024559,742.015797,0.098502,475.442055,0.063115,9.500858,25.080518,7.308079,0.00768,0.133857,52.31148,0.023313,76.669655,0.005124,11.488643,0.816473,3847.376639,1097.07225,0.146785,638.102756,0.085376,5.475708,15.996101,6.54719,0.01309,0.129523,49.887668,0.022005,77.073592,0.005254,10.905548,0.769466,3665.011126,1069.376139,0.143348,641.528686,0.085996,5.330876,14.291888,6.572416,0.012753,0.163199,42.600323,0.022042,77.324215,0.006323,14.048017,0.646926,3108.74397,1181.324485,0.159187,691.899879,0.093235,4.706074,12.882325,6.181656,0.01665,0.129725,46.157202,0.020864,76.948584,0.005132,11.061398,0.700869,3402.636059,1078.270238,0.144754,669.394147,0.089864,4.895858,12.770866,6.481963,0.013867,0.17667,33.954442,0.021469,78.134525,0.007372,15.182934,0.504631,2496.971509,1075.891278,0.14459,793.467679,0.106635,4.934439,10.018007,6.082827,0.017637,0.173858,33.609687,0.021502,78.00161,0.007035,15.293046,0.504261,2492.436603,1049.381591,0.1408,785.761036,0.105429,5.126421,9.505843,6.182867,0.016469,0.17961,35.825836,0.021155,77.128374,0.007564,15.444077,0.529714,2620.64818,1119.580905,0.15034,759.55942,0.101995,4.724203,10.610523,6.064923,0.017869
48,49,1020,0.114549,34.488735,0.024492,79.157886,0.0034,9.641595,0.780422,2606.232932,671.256141,0.113714,651.770795,0.110413,6.309073,7.287465,6.635574,0.01298,0.098154,37.852487,0.023969,79.641487,0.00333,7.932273,0.764157,2946.393142,675.963164,0.114745,631.06145,0.107123,6.19039,7.597819,6.66796,0.012775,0.173218,26.040573,0.021686,78.724685,0.006192,14.666998,0.408917,1967.836516,724.431299,0.123497,721.468121,0.122991,5.783301,6.410205,6.20282,0.016429,0.171864,24.885548,0.020668,78.575162,0.006469,14.166683,0.381813,1902.64315,722.518278,0.123423,753.22412,0.128668,5.550634,6.065306,6.169164,0.017075,0.20157,22.153701,0.020836,78.37032,0.007067,16.628048,0.339991,1656.58027,733.520773,0.12541,773.071123,0.132172,5.620999,5.55041,5.99524,0.018849,0.178014,24.138137,0.022519,77.767161,0.005859,15.122742,0.397394,1804.893715,722.955715,0.12314,756.552376,0.128863,5.813654,5.815187,6.188999,0.017121,0.194815,22.721814,0.020963,77.914457,0.007349,15.631117,0.348997,1698.657656,749.460565,0.128223,760.821044,0.130166,5.293151,5.493278,6.006931,0.01881,0.183167,23.571624,0.02096,78.790427,0.007209,14.869174,0.352763,1805.126154,760.276239,0.129962,750.94906,0.128367,5.188693,5.591125,6.000116,0.019023,0.188258,26.02268,0.019977,77.215464,0.006216,16.163065,0.397188,1892.427148,824.162543,0.141609,686.003436,0.11787,4.637946,6.41087,5.8965,0.020231
49,50,1022,0.081349,53.861641,0.023574,78.054467,0.003381,6.331426,0.978736,4098.15543,1780.278114,0.118252,1307.385918,0.086841,5.887439,11.290241,6.933354,0.01055,0.061133,70.403201,0.022525,78.827323,0.002809,4.578689,1.237565,5462.11669,1762.859069,0.117079,1162.791061,0.077226,5.943109,14.694332,7.121035,0.009258,0.124891,38.634292,0.021228,76.697768,0.005016,10.123705,0.587649,2914.275085,2122.063074,0.142239,1475.922448,0.098929,4.679467,9.071576,6.336791,0.015329,0.122428,36.467852,0.021316,77.003141,0.004627,9.981628,0.574478,2718.481954,2031.268146,0.135762,1557.131934,0.104072,5.025575,8.355602,6.365462,0.015083,0.166444,27.972139,0.020112,76.781118,0.005891,14.231923,0.431463,2039.008953,2052.80143,0.137155,1735.675887,0.115967,4.808563,6.735356,6.048021,0.018456,0.129406,36.643535,0.021218,78.231047,0.005023,10.663518,0.567222,2784.092258,1993.371574,0.133265,1533.274502,0.102505,5.15701,8.851367,6.417574,0.014507,0.163496,29.795628,0.020038,77.286241,0.006247,13.938359,0.445081,2207.027022,2102.355907,0.140965,1658.27035,0.111189,4.746424,7.225165,6.031465,0.018633,0.167219,28.316359,0.021533,77.223136,0.006658,13.783142,0.438129,2096.340217,1969.433975,0.131611,1741.287624,0.116365,5.29655,7.072909,6.144359,0.017217,0.191423,24.782173,0.021761,77.906588,0.007975,16.304413,0.378255,1844.341975,1987.219163,0.132782,1831.464787,0.122375,5.159344,6.048766,5.966339,0.019416
50,51,1023,0.092,59.10212,0.025668,78.079808,0.004708,7.326205,1.011208,4652.234618,1504.350554,0.129096,920.546383,0.078997,5.63492,13.776514,6.906252,0.010506,0.065901,83.089401,0.024037,79.039972,0.003684,4.972991,1.304507,6639.334479,1507.188429,0.129561,783.268374,0.067332,5.619838,19.233736,7.138193,0.008961,0.147138,34.48661,0.021328,77.506157,0.005903,12.340256,0.531541,2556.697408,1596.761991,0.137498,1206.789202,0.103917,5.015149,8.66887,6.302076,0.015639,0.143916,39.196848,0.021807,77.862309,0.006192,11.974179,0.593844,2927.799793,1594.602687,0.137312,1127.651339,0.097103,5.118875,10.46603,6.405377,0.014217,0.17926,29.895975,0.021706,77.397828,0.007542,14.835595,0.451455,2209.727226,1590.179523,0.137049,1282.639231,0.110544,5.031303,7.913673,6.087706,0.017683,0.140205,35.715568,0.021125,77.861581,0.005657,12.035726,0.545412,2692.666897,1596.156196,0.137742,1185.068347,0.102267,4.858507,8.696744,6.339702,0.015314,0.170479,31.585068,0.020089,76.48555,0.006413,13.730552,0.468373,2332.473164,1721.577327,0.14808,1240.312403,0.106684,4.332025,8.111018,6.00589,0.018787,0.171169,31.742975,0.020825,77.111532,0.006651,14.443568,0.480091,2337.66592,1603.508705,0.13821,1253.49819,0.108042,4.88937,8.501967,6.136116,0.017048,0.185005,28.75558,0.020742,76.876497,0.006962,15.435165,0.432535,2111.746962,1636.346204,0.141028,1308.345169,0.112759,4.742929,7.575595,5.991852,0.018818
51,52,1024,0.104244,37.918084,0.023146,82.852046,0.004356,7.652265,0.650189,3350.316584,1259.597749,0.109884,1223.686382,0.106751,6.628468,7.709813,6.706785,0.012443,0.079661,49.23231,0.021501,90.487099,0.003647,5.559167,0.697033,4983.256626,1233.163212,0.10786,1073.704102,0.093913,7.082741,10.022345,6.891661,0.010845,0.15526,25.782883,0.022305,78.006138,0.005701,13.116508,0.428324,1907.505612,1360.743073,0.119322,1443.13276,0.126546,5.961709,5.936499,6.25691,0.016121,0.138135,30.694221,0.022195,78.174781,0.004984,11.590564,0.514833,2266.614886,1357.455692,0.118867,1342.536427,0.11756,6.052745,7.39627,6.427594,0.014522,0.191754,22.37194,0.021784,78.045714,0.007487,15.932005,0.350765,1674.13837,1386.486532,0.121654,1502.25068,0.131811,5.812866,5.316932,6.058391,0.018167,0.142705,29.689479,0.0214,78.200035,0.00517,11.958957,0.473037,2240.652182,1428.659923,0.125674,1338.503695,0.117743,5.545706,7.008157,6.334493,0.015533,0.18647,21.792973,0.022148,77.992446,0.007333,15.924204,0.34686,1616.969521,1397.168994,0.12272,1538.610892,0.135144,5.734233,5.01285,6.024585,0.018719,0.178798,25.113828,0.021777,77.482231,0.006854,14.96755,0.394669,1871.353976,1429.064567,0.125709,1431.092365,0.125888,5.644379,6.268393,6.141868,0.017191,0.201577,21.210878,0.021733,77.707934,0.007861,17.044259,0.33123,1576.038309,1405.957561,0.123536,1540.291275,0.135339,5.631848,5.107381,5.980127,0.019033
52,53,1025,0.097626,53.369897,0.025985,79.869481,0.005125,6.887711,0.921358,4338.502083,448.692863,0.124602,306.788948,0.085195,6.303489,12.932165,6.869997,0.010976,0.075664,73.076539,0.024975,80.355241,0.004101,5.141623,1.238828,5957.58264,447.198003,0.124015,261.368275,0.072481,6.340855,18.153889,7.057273,0.009475,0.156007,32.486601,0.022847,73.883498,0.006341,12.970715,0.53215,2304.072496,504.924401,0.142433,378.460085,0.106759,4.817787,8.086624,6.234468,0.016339,0.155807,34.004477,0.021509,77.366536,0.005789,13.229742,0.540942,2516.788472,452.683268,0.12666,386.297706,0.108086,5.643551,9.350223,6.422187,0.014084,0.193561,32.673228,0.021299,77.662823,0.007155,15.841837,0.495321,2374.936164,526.689539,0.148113,379.223847,0.106643,4.833207,9.683954,6.076095,0.017984,0.158141,31.369291,0.024023,76.847016,0.006697,13.353902,0.491717,2417.854021,474.645279,0.132991,394.895769,0.110646,5.458958,8.054653,6.309721,0.015544,0.21338,21.753014,0.020986,78.153911,0.007158,18.320614,0.332253,1631.450799,458.613681,0.128571,471.807401,0.13227,5.323693,5.611407,5.94354,0.019343,0.195419,25.504631,0.022036,77.600056,0.007024,16.718376,0.401591,1866.630648,465.570867,0.130668,438.377491,0.123036,5.333356,6.874129,6.084908,0.01784,0.214997,21.405504,0.020898,76.506038,0.006657,17.827355,0.335809,1561.72255,467.684639,0.131335,474.23617,0.133175,5.134145,5.461619,5.871785,0.020469
53,54,1026,0.069328,68.043233,0.021319,78.483529,0.00192,5.623102,1.432854,4824.456437,2520.211154,0.110842,1791.026653,0.078771,6.226426,15.792914,7.171551,0.009095,0.050128,82.257432,0.020998,78.691205,0.001363,3.935744,1.779135,5933.448461,2510.090501,0.110382,1680.667282,0.073908,6.23772,17.916434,7.28764,0.008459,0.105802,45.083614,0.022283,78.516829,0.0042,8.465394,0.717577,3520.073959,2817.464305,0.124777,2150.331178,0.095232,5.676879,11.140863,6.733129,0.011681,0.124818,45.49208,0.022584,77.955241,0.005276,10.203055,0.691857,3517.595213,3013.850507,0.134092,2094.508542,0.093189,5.323532,12.686443,6.632378,0.012457,0.164931,33.929111,0.02238,77.480032,0.007066,13.772193,0.522687,2492.927688,3046.452815,0.135482,2388.965756,0.106242,5.291257,9.494235,6.286556,0.015487,0.126539,38.113521,0.022198,78.236865,0.004921,10.442342,0.596637,2944.554405,2891.821851,0.128537,2299.342786,0.102202,5.414486,9.534902,6.538557,0.013375,0.174346,27.477678,0.022555,77.55383,0.007008,14.463585,0.433016,2046.877252,2876.306559,0.127643,2660.465696,0.118065,5.474981,6.960405,6.202644,0.01644,0.162337,31.87279,0.021823,77.616594,0.006091,13.835773,0.49671,2356.236475,2963.853691,0.131645,2467.416985,0.109595,5.38698,8.508101,6.292392,0.015555,0.196729,26.513302,0.022188,77.334755,0.00779,16.551991,0.409258,1947.070753,2964.313258,0.131659,2673.588052,0.118747,5.358955,7.15682,6.071111,0.017793
54,55,1027,0.111905,35.030192,0.0224,73.015977,0.003005,9.571968,0.776086,2349.262743,3959.111329,0.112555,3825.031215,0.108743,6.373297,6.853487,6.650534,0.01278,0.101062,39.739509,0.019753,76.663596,0.002283,9.037813,0.794893,2821.124247,4107.350677,0.116779,3617.754805,0.102859,5.961566,7.888228,6.699166,0.012505,0.186613,22.492634,0.021251,78.651182,0.007006,15.701052,0.345654,1715.426193,4320.169027,0.123349,4582.499315,0.130839,5.564402,5.092321,6.01768,0.018852,0.177517,24.322104,0.021611,78.105122,0.00683,14.805755,0.374215,1843.998173,4380.96397,0.125077,4415.813795,0.126072,5.492108,5.679018,6.059546,0.018288,0.185097,21.720919,0.021331,77.885757,0.006804,15.752971,0.343848,1610.243822,4250.086908,0.121144,4712.342246,0.13432,5.653927,4.84712,5.99405,0.019023,0.175127,25.286016,0.020826,77.343631,0.00597,15.354812,0.397728,1856.871053,4480.462033,0.128046,4290.445172,0.122616,5.274493,5.925363,6.057787,0.018299,0.175457,23.707499,0.021468,77.822441,0.006758,14.46033,0.366581,1774.375221,4432.616253,0.126393,4505.447106,0.12847,5.339576,5.371423,5.976108,0.019445,0.186847,22.784664,0.020964,77.89179,0.007228,15.360738,0.344558,1727.303193,4440.119327,0.126571,4547.571665,0.129634,5.273991,5.201129,5.945085,0.01959,0.183589,22.972756,0.019586,76.88273,0.005664,15.9576,0.359837,1669.931063,4529.929781,0.129095,4521.292676,0.128848,5.032347,5.123395,5.907449,0.020092
55,56,1028,0.149258,45.86486,0.072558,52.343916,0.008023,10.212873,6.694725,1147.025598,1116.30984,0.092778,1220.305186,0.101422,11.713887,15.910345,6.792006,0.010893,0.132967,50.321865,0.071266,50.209009,0.006978,8.593347,7.48906,1270.84958,1143.267431,0.095011,1169.517909,0.097193,10.856404,17.204628,6.811566,0.010833,0.192809,29.02275,0.023854,78.789729,0.008553,15.836034,0.432592,2259.289729,1494.663098,0.125014,1405.753597,0.117577,5.898466,8.581098,6.232027,0.015736,0.18806,30.78391,0.023356,78.268021,0.007621,15.515766,0.468595,2337.463706,1490.865697,0.124675,1392.929587,0.116485,5.929853,9.482729,6.284661,0.015177,0.198476,24.259824,0.022211,77.488228,0.007913,16.94462,0.37836,1792.183326,1472.745119,0.123397,1521.481441,0.127481,5.786284,6.50421,6.07814,0.017696,0.192298,30.369265,0.02245,77.915434,0.007301,16.862838,0.467411,2272.965656,1479.399933,0.123623,1416.397844,0.118359,6.036437,9.536414,6.271036,0.015551,0.200686,23.274408,0.022288,78.451184,0.008282,16.181542,0.350922,1779.943696,1469.217184,0.122916,1543.125324,0.129099,5.764611,6.037983,6.051873,0.018053,0.207184,24.132758,0.02148,79.372309,0.008232,17.230787,0.358616,1842.999916,1473.220621,0.123396,1549.557166,0.12979,5.7108,6.800137,6.068331,0.017845,0.203581,22.488395,0.020697,77.060411,0.006881,17.747734,0.35245,1635.611227,1491.153331,0.12494,1578.187935,0.132232,5.449252,5.784378,5.974978,0.019148
56,57,1029,0.101591,50.456532,0.023159,78.07167,0.004555,8.482962,0.826077,3827.388719,795.06942,0.127763,542.685361,0.087206,5.541389,11.971885,6.772258,0.011698,0.075079,65.175326,0.022762,77.849606,0.003953,5.861776,1.052783,4985.881454,793.205565,0.127587,484.526781,0.077936,5.472399,14.883342,6.932,0.010498,0.120847,36.276521,0.021914,78.4736,0.004539,10.158293,0.588238,2746.497352,783.821056,0.125794,653.84866,0.104935,5.579658,8.144486,6.505633,0.013713,0.136814,33.380998,0.023491,78.284224,0.005719,11.060108,0.530129,2587.017975,791.103996,0.126963,676.59204,0.108585,5.54914,7.981404,6.429525,0.014431,0.182963,24.186528,0.021446,77.442342,0.006929,15.412108,0.382508,1780.658701,786.25838,0.126104,779.346752,0.124995,5.460657,5.671002,6.099243,0.017625,0.145513,31.016026,0.023112,78.030929,0.006321,11.657492,0.481436,2413.311699,770.613141,0.123496,701.250641,0.11238,5.685545,7.493526,6.393967,0.014426,0.184675,21.767606,0.021893,78.378041,0.006373,15.847935,0.353358,1637.120999,756.126761,0.121019,836.997119,0.133962,5.77935,4.782337,6.079151,0.018022,0.187822,23.99968,0.020947,78.317382,0.006754,15.844594,0.374375,1794.485115,760.117798,0.121658,793.126761,0.126941,5.715963,5.920851,6.142252,0.016954,0.2016,22.63613,0.022471,78.201669,0.009237,16.54126,0.345977,1701.173592,781.490294,0.125379,800.469597,0.128424,5.573427,5.503995,5.997239,0.018632
